Position1	Position2	Count	ProbTop	Contacts	ProbContact
9.0	13.0	8	1.0	8.0	1.0
6.0	9.0	8	1.0	8.0	1.0
56.0	64.0	8	1.0	8.0	1.0
5.0	9.0	8	1.0	8.0	1.0
75.0	77.0	8	1.0	8.0	1.0
57.0	59.0	8	1.0	8.0	1.0
57.0	60.0	8	1.0	8.0	1.0
32.0	74.0	8	1.0	8.0	1.0
32.0	35.0	8	1.0	8.0	1.0
6.0	8.0	8	1.0	8.0	1.0
24.0	76.0	8	1.0	8.0	1.0
77.0	84.0	8	1.0	8.0	1.0
25.0	64.0	8	1.0	8.0	1.0
74.0	90.0	8	1.0	8.0	1.0
70.0	77.0	8	1.0	8.0	1.0
7.0	61.0	8	1.0	8.0	1.0
20.0	27.0	8	1.0	0.0	0.0
30.0	33.0	8	1.0	8.0	1.0
7.0	64.0	8	1.0	8.0	1.0
70.0	75.0	8	1.0	8.0	1.0
75.0	89.0	8	1.0	8.0	1.0
29.0	59.0	8	1.0	8.0	1.0
20.0	54.0	8	1.0	0.0	0.0
93.0	96.0	8	1.0	8.0	1.0
56.0	58.0	8	1.0	8.0	1.0
1.0	48.0	8	1.0	8.0	1.0
36.0	74.0	8	1.0	8.0	1.0
21.0	52.0	8	1.0	8.0	1.0
100.0	104.0	8	1.0	8.0	1.0
99.0	102.0	8	1.0	5.0	0.625
97.0	101.0	8	1.0	8.0	1.0
84.0	87.0	8	1.0	8.0	1.0
20.0	68.0	8	1.0	0.0	0.0
77.0	87.0	8	1.0	8.0	1.0
19.0	81.0	8	1.0	6.0	0.75
12.0	16.0	7	0.875	7.0	0.875
27.0	68.0	7	0.875	0.0	0.0
64.0	67.0	7	0.875	8.0	1.0
47.0	68.0	7	0.875	0.0	0.0
11.0	16.0	7	0.875	7.0	0.875
10.0	64.0	7	0.875	7.0	0.875
54.0	68.0	7	0.875	0.0	0.0
38.0	41.0	7	0.875	7.0	0.875
1.0	45.0	7	0.875	7.0	0.875
27.0	33.0	7	0.875	1.0	0.125
18.0	81.0	7	0.875	6.0	0.75
27.0	54.0	7	0.875	0.0	0.0
27.0	47.0	7	0.875	0.0	0.0
80.0	85.0	7	0.875	8.0	1.0
78.0	100.0	7	0.875	7.0	0.875
22.0	101.0	7	0.875	8.0	1.0
5.0	56.0	7	0.875	8.0	1.0
24.0	74.0	7	0.875	7.0	0.875
87.0	100.0	7	0.875	7.0	0.875
5.0	14.0	7	0.875	8.0	1.0
5.0	13.0	7	0.875	8.0	1.0
27.0	94.0	6	0.75	0.0	0.0
43.0	53.0	6	0.75	7.0	0.875
43.0	97.0	6	0.75	8.0	1.0
44.0	53.0	6	0.75	8.0	1.0
20.0	98.0	6	0.75	0.0	0.0
45.0	48.0	6	0.75	5.0	0.625
47.0	54.0	6	0.75	0.0	0.0
20.0	47.0	6	0.75	0.0	0.0
20.0	33.0	6	0.75	0.0	0.0
20.0	94.0	6	0.75	0.0	0.0
24.0	55.0	6	0.75	8.0	1.0
37.0	40.0	6	0.75	6.0	0.75
22.0	40.0	6	0.75	7.0	0.875
27.0	98.0	6	0.75	0.0	0.0
14.0	21.0	6	0.75	8.0	1.0
33.0	94.0	6	0.75	0.0	0.0
33.0	68.0	6	0.75	0.0	0.0
33.0	54.0	6	0.75	0.0	0.0
27.0	30.0	6	0.75	6.0	0.75
30.0	94.0	6	0.75	0.0	0.0
30.0	47.0	6	0.75	0.0	0.0
47.0	94.0	6	0.75	0.0	0.0
48.0	67.0	6	0.75	0.0	0.0
68.0	94.0	6	0.75	0.0	0.0
7.0	63.0	6	0.75	6.0	0.75
54.0	94.0	6	0.75	0.0	0.0
54.0	98.0	6	0.75	0.0	0.0
6.0	61.0	6	0.75	8.0	1.0
63.0	66.0	6	0.75	6.0	0.75
69.0	71.0	6	0.75	2.0	0.25
68.0	98.0	6	0.75	0.0	0.0
56.0	61.0	6	0.75	8.0	1.0
10.0	79.0	6	0.75	8.0	1.0
11.0	15.0	6	0.75	8.0	1.0
7.0	62.0	6	0.75	6.0	0.75
61.0	67.0	6	0.75	0.0	0.0
51.0	101.0	6	0.75	8.0	1.0
79.0	82.0	6	0.75	6.0	0.75
51.0	78.0	6	0.75	8.0	1.0
51.0	53.0	6	0.75	8.0	1.0
4.0	49.0	6	0.75	0.0	0.0
93.0	95.0	6	0.75	6.0	0.75
94.0	98.0	6	0.75	6.0	0.75
96.0	99.0	6	0.75	6.0	0.75
28.0	34.0	5	0.625	5.0	0.625
27.0	65.0	5	0.625	0.0	0.0
27.0	55.0	5	0.625	0.0	0.0
49.0	69.0	5	0.625	0.0	0.0
74.0	91.0	5	0.625	7.0	0.875
26.0	28.0	5	0.625	8.0	1.0
25.0	75.0	5	0.625	5.0	0.625
6.0	56.0	5	0.625	7.0	0.875
75.0	87.0	5	0.625	5.0	0.625
76.0	92.0	5	0.625	8.0	1.0
22.0	97.0	5	0.625	6.0	0.75
78.0	101.0	5	0.625	7.0	0.875
78.0	104.0	5	0.625	8.0	1.0
87.0	89.0	5	0.625	5.0	0.625
30.0	68.0	5	0.625	0.0	0.0
30.0	98.0	5	0.625	0.0	0.0
10.0	25.0	5	0.625	7.0	0.875
33.0	98.0	5	0.625	0.0	0.0
47.0	98.0	5	0.625	8.0	1.0
49.0	71.0	5	0.625	0.0	0.0
47.0	55.0	5	0.625	0.0	0.0
45.0	67.0	5	0.625	0.0	0.0
43.0	101.0	5	0.625	8.0	1.0
42.0	46.0	5	0.625	5.0	0.625
40.0	97.0	5	0.625	8.0	1.0
36.0	91.0	5	0.625	7.0	0.875
36.0	76.0	5	0.625	8.0	1.0
36.0	38.0	5	0.625	7.0	0.875
55.0	68.0	5	0.625	0.0	0.0
20.0	30.0	5	0.625	0.0	0.0
62.0	67.0	5	0.625	0.0	0.0
58.0	73.0	4	0.5	8.0	1.0
78.0	85.0	4	0.5	4.0	0.5
48.0	50.0	4	0.5	0.0	0.0
31.0	63.0	4	0.5	0.0	0.0
48.0	62.0	4	0.5	0.0	0.0
50.0	62.0	4	0.5	0.0	0.0
65.0	68.0	4	0.5	0.0	0.0
79.0	83.0	4	0.5	4.0	0.5
32.0	91.0	4	0.5	6.0	0.75
54.0	65.0	4	0.5	0.0	0.0
65.0	94.0	4	0.5	0.0	0.0
22.0	51.0	4	0.5	8.0	1.0
22.0	53.0	4	0.5	7.0	0.875
65.0	98.0	4	0.5	0.0	0.0
24.0	40.0	4	0.5	8.0	1.0
42.0	45.0	4	0.5	3.0	0.375
41.0	44.0	4	0.5	6.0	0.75
29.0	104.0	4	0.5	0.0	0.0
40.0	76.0	4	0.5	6.0	0.75
40.0	53.0	4	0.5	8.0	1.0
40.0	43.0	4	0.5	8.0	1.0
31.0	90.0	4	0.5	0.0	0.0
72.0	89.0	4	0.5	4.0	0.5
36.0	92.0	4	0.5	4.0	0.5
67.0	83.0	4	0.5	0.0	0.0
70.0	73.0	4	0.5	7.0	0.875
28.0	67.0	4	0.5	0.0	0.0
63.0	83.0	4	0.5	0.0	0.0
34.0	37.0	4	0.5	8.0	1.0
12.0	49.0	4	0.5	0.0	0.0
10.0	14.0	4	0.5	8.0	1.0
8.0	50.0	4	0.5	0.0	0.0
4.0	72.0	4	0.5	0.0	0.0
12.0	69.0	4	0.5	0.0	0.0
4.0	66.0	4	0.5	0.0	0.0
4.0	69.0	4	0.5	0.0	0.0
10.0	56.0	4	0.5	8.0	1.0
4.0	12.0	4	0.5	0.0	0.0
10.0	23.0	4	0.5	8.0	1.0
30.0	54.0	3	0.375	0.0	0.0
17.0	21.0	3	0.375	8.0	1.0
76.0	97.0	3	0.375	8.0	1.0
4.0	83.0	3	0.375	0.0	0.0
29.0	67.0	3	0.375	0.0	0.0
12.0	72.0	3	0.375	0.0	0.0
42.0	67.0	3	0.375	0.0	0.0
33.0	47.0	3	0.375	0.0	0.0
4.0	71.0	3	0.375	0.0	0.0
28.0	83.0	3	0.375	0.0	0.0
4.0	90.0	3	0.375	0.0	0.0
45.0	95.0	3	0.375	0.0	0.0
45.0	83.0	3	0.375	0.0	0.0
63.0	67.0	3	0.375	1.0	0.125
8.0	67.0	3	0.375	0.0	0.0
30.0	55.0	3	0.375	0.0	0.0
30.0	86.0	3	0.375	0.0	0.0
38.0	42.0	3	0.375	2.0	0.25
31.0	69.0	3	0.375	0.0	0.0
14.0	23.0	3	0.375	8.0	1.0
69.0	83.0	3	0.375	0.0	0.0
68.0	86.0	3	0.375	0.0	0.0
67.0	104.0	3	0.375	0.0	0.0
67.0	102.0	3	0.375	0.0	0.0
35.0	50.0	3	0.375	0.0	0.0
67.0	99.0	3	0.375	0.0	0.0
31.0	71.0	3	0.375	0.0	0.0
31.0	67.0	3	0.375	0.0	0.0
27.0	86.0	3	0.375	0.0	0.0
35.0	67.0	3	0.375	0.0	0.0
31.0	62.0	3	0.375	0.0	0.0
31.0	50.0	3	0.375	0.0	0.0
31.0	49.0	3	0.375	0.0	0.0
67.0	95.0	3	0.375	0.0	0.0
36.0	40.0	3	0.375	8.0	1.0
5.0	23.0	3	0.375	8.0	1.0
37.0	55.0	3	0.375	8.0	1.0
83.0	99.0	3	0.375	0.0	0.0
10.0	15.0	3	0.375	8.0	1.0
55.0	94.0	3	0.375	0.0	0.0
96.0	102.0	3	0.375	0.0	0.0
50.0	69.0	3	0.375	0.0	0.0
18.0	90.0	3	0.375	0.0	0.0
22.0	78.0	3	0.375	8.0	1.0
18.0	71.0	3	0.375	0.0	0.0
22.0	76.0	3	0.375	8.0	1.0
50.0	104.0	3	0.375	0.0	0.0
19.0	49.0	3	0.375	0.0	0.0
49.0	72.0	3	0.375	0.0	0.0
21.0	23.0	3	0.375	8.0	1.0
59.0	67.0	3	0.375	0.0	0.0
26.0	57.0	3	0.375	8.0	1.0
4.0	18.0	3	0.375	0.0	0.0
50.0	67.0	3	0.375	0.0	0.0
20.0	86.0	3	0.375	0.0	0.0
20.0	65.0	3	0.375	0.0	0.0
48.0	83.0	3	0.375	0.0	0.0
54.0	86.0	3	0.375	0.0	0.0
19.0	69.0	3	0.375	0.0	0.0
60.0	62.0	3	0.375	3.0	0.375
67.0	96.0	2	0.25	0.0	0.0
13.0	50.0	2	0.25	0.0	0.0
33.0	65.0	2	0.25	0.0	0.0
57.0	67.0	2	0.25	0.0	0.0
57.0	61.0	2	0.25	2.0	0.25
8.0	83.0	2	0.25	0.0	0.0
8.0	102.0	2	0.25	0.0	0.0
15.0	79.0	2	0.25	8.0	1.0
13.0	34.0	2	0.25	0.0	0.0
54.0	91.0	2	0.25	0.0	0.0
55.0	98.0	2	0.25	0.0	0.0
50.0	66.0	2	0.25	0.0	0.0
13.0	67.0	2	0.25	0.0	0.0
52.0	104.0	2	0.25	0.0	0.0
10.0	13.0	2	0.25	2.0	0.25
35.0	95.0	2	0.25	0.0	0.0
35.0	91.0	2	0.25	2.0	0.25
8.0	48.0	2	0.25	0.0	0.0
48.0	63.0	2	0.25	0.0	0.0
66.0	83.0	2	0.25	0.0	0.0
38.0	50.0	2	0.25	0.0	0.0
48.0	95.0	2	0.25	0.0	0.0
49.0	81.0	2	0.25	0.0	0.0
11.0	50.0	2	0.25	0.0	0.0
49.0	62.0	2	0.25	0.0	0.0
45.0	66.0	2	0.25	0.0	0.0
49.0	60.0	2	0.25	0.0	0.0
62.0	83.0	2	0.25	0.0	0.0
45.0	102.0	2	0.25	0.0	0.0
38.0	67.0	2	0.25	0.0	0.0
46.0	98.0	2	0.25	7.0	0.875
60.0	95.0	2	0.25	0.0	0.0
47.0	65.0	2	0.25	0.0	0.0
60.0	83.0	2	0.25	0.0	0.0
47.0	86.0	2	0.25	0.0	0.0
11.0	67.0	2	0.25	0.0	0.0
12.0	71.0	2	0.25	0.0	0.0
43.0	51.0	2	0.25	7.0	0.875
49.0	83.0	2	0.25	0.0	0.0
8.0	66.0	2	0.25	0.0	0.0
63.0	99.0	2	0.25	0.0	0.0
8.0	72.0	2	0.25	0.0	0.0
42.0	50.0	2	0.25	0.0	0.0
49.0	90.0	2	0.25	0.0	0.0
12.0	81.0	2	0.25	0.0	0.0
64.0	66.0	2	0.25	6.0	0.75
8.0	62.0	2	0.25	0.0	0.0
49.0	93.0	2	0.25	0.0	0.0
50.0	60.0	2	0.25	0.0	0.0
41.0	67.0	2	0.25	0.0	0.0
50.0	61.0	2	0.25	0.0	0.0
60.0	69.0	2	0.25	0.0	0.0
57.0	104.0	2	0.25	0.0	0.0
15.0	82.0	2	0.25	8.0	1.0
12.0	31.0	2	0.25	0.0	0.0
69.0	85.0	2	0.25	0.0	0.0
88.0	100.0	2	0.25	8.0	1.0
18.0	72.0	2	0.25	0.0	0.0
25.0	56.0	2	0.25	8.0	1.0
18.0	69.0	2	0.25	0.0	0.0
29.0	83.0	2	0.25	0.0	0.0
26.0	33.0	2	0.25	8.0	1.0
77.0	79.0	2	0.25	8.0	1.0
86.0	98.0	2	0.25	0.0	0.0
86.0	94.0	2	0.25	0.0	0.0
29.0	79.0	2	0.25	0.0	0.0
29.0	61.0	2	0.25	0.0	0.0
86.0	91.0	2	0.25	0.0	0.0
18.0	41.0	2	0.25	0.0	0.0
29.0	58.0	2	0.25	3.0	0.375
29.0	50.0	2	0.25	0.0	0.0
85.0	104.0	2	0.25	2.0	0.25
29.0	41.0	2	0.25	0.0	0.0
29.0	38.0	2	0.25	0.0	0.0
17.0	67.0	2	0.25	0.0	0.0
29.0	34.0	2	0.25	2.0	0.25
28.0	104.0	2	0.25	0.0	0.0
28.0	95.0	2	0.25	0.0	0.0
4.0	67.0	2	0.25	0.0	0.0
79.0	84.0	2	0.25	8.0	1.0
27.0	91.0	2	0.25	0.0	0.0
28.0	59.0	2	0.25	2.0	0.25
28.0	48.0	2	0.25	0.0	0.0
83.0	95.0	2	0.25	0.0	0.0
28.0	45.0	2	0.25	0.0	0.0
83.0	90.0	2	0.25	0.0	0.0
24.0	68.0	2	0.25	0.0	0.0
4.0	48.0	2	0.25	0.0	0.0
4.0	19.0	2	0.25	0.0	0.0
71.0	90.0	2	0.25	0.0	0.0
22.0	100.0	2	0.25	8.0	1.0
31.0	83.0	2	0.25	0.0	0.0
4.0	31.0	2	0.25	0.0	0.0
23.0	25.0	2	0.25	8.0	1.0
7.0	10.0	2	0.25	2.0	0.25
31.0	93.0	2	0.25	0.0	0.0
20.0	55.0	2	0.25	0.0	0.0
19.0	71.0	2	0.25	0.0	0.0
73.0	75.0	2	0.25	2.0	0.25
71.0	83.0	2	0.25	0.0	0.0
31.0	48.0	2	0.25	0.0	0.0
19.0	31.0	2	0.25	0.0	0.0
92.0	96.0	2	0.25	8.0	1.0
19.0	72.0	2	0.25	0.0	0.0
7.0	67.0	2	0.25	2.0	0.25
19.0	83.0	2	0.25	0.0	0.0
4.0	6.0	2	0.25	2.0	0.25
95.0	102.0	2	0.25	0.0	0.0
31.0	34.0	2	0.25	4.0	0.5
60.0	67.0	1	0.125	0.0	0.0
4.0	55.0	1	0.125	2.0	0.25
90.0	95.0	1	0.125	0.0	0.0
60.0	81.0	1	0.125	0.0	0.0
60.0	71.0	1	0.125	0.0	0.0
60.0	72.0	1	0.125	0.0	0.0
83.0	104.0	1	0.125	0.0	0.0
83.0	96.0	1	0.125	0.0	0.0
60.0	85.0	1	0.125	0.0	0.0
83.0	93.0	1	0.125	0.0	0.0
4.0	13.0	1	0.125	0.0	0.0
60.0	66.0	1	0.125	0.0	0.0
55.0	83.0	1	0.125	0.0	0.0
86.0	104.0	1	0.125	8.0	1.0
57.0	83.0	1	0.125	0.0	0.0
91.0	94.0	1	0.125	0.0	0.0
88.0	90.0	1	0.125	1.0	0.125
58.0	70.0	1	0.125	1.0	0.125
91.0	98.0	1	0.125	0.0	0.0
61.0	83.0	1	0.125	0.0	0.0
4.0	50.0	1	0.125	0.0	0.0
59.0	104.0	1	0.125	0.0	0.0
55.0	86.0	1	0.125	0.0	0.0
86.0	100.0	1	0.125	8.0	1.0
4.0	41.0	1	0.125	0.0	0.0
60.0	63.0	1	0.125	0.0	0.0
8.0	95.0	1	0.125	0.0	0.0
8.0	99.0	1	0.125	0.0	0.0
58.0	64.0	1	0.125	1.0	0.125
95.0	99.0	1	0.125	1.0	0.125
8.0	71.0	1	0.125	0.0	0.0
69.0	95.0	1	0.125	0.0	0.0
61.0	95.0	1	0.125	0.0	0.0
71.0	95.0	1	0.125	0.0	0.0
66.0	99.0	1	0.125	0.0	0.0
5.0	10.0	1	0.125	7.0	0.875
66.0	102.0	1	0.125	0.0	0.0
8.0	49.0	1	0.125	0.0	0.0
67.0	85.0	1	0.125	0.0	0.0
6.0	90.0	1	0.125	0.0	0.0
67.0	91.0	1	0.125	0.0	0.0
73.0	94.0	1	0.125	0.0	0.0
72.0	90.0	1	0.125	0.0	0.0
72.0	85.0	1	0.125	0.0	0.0
72.0	81.0	1	0.125	0.0	0.0
67.0	100.0	1	0.125	0.0	0.0
71.0	89.0	1	0.125	1.0	0.125
61.0	104.0	1	0.125	0.0	0.0
68.0	91.0	1	0.125	0.0	0.0
71.0	85.0	1	0.125	0.0	0.0
8.0	42.0	1	0.125	0.0	0.0
8.0	31.0	1	0.125	0.0	0.0
69.0	72.0	1	0.125	0.0	0.0
69.0	81.0	1	0.125	0.0	0.0
55.0	65.0	1	0.125	0.0	0.0
69.0	89.0	1	0.125	0.0	0.0
7.0	29.0	1	0.125	0.0	0.0
69.0	90.0	1	0.125	0.0	0.0
8.0	19.0	1	0.125	0.0	0.0
70.0	72.0	1	0.125	2.0	0.25
4.0	95.0	1	0.125	0.0	0.0
66.0	95.0	1	0.125	0.0	0.0
66.0	93.0	1	0.125	0.0	0.0
75.0	94.0	1	0.125	0.0	0.0
62.0	66.0	1	0.125	0.0	0.0
8.0	69.0	1	0.125	0.0	0.0
83.0	89.0	1	0.125	0.0	0.0
4.0	60.0	1	0.125	0.0	0.0
62.0	85.0	1	0.125	0.0	0.0
62.0	90.0	1	0.125	0.0	0.0
69.0	99.0	1	0.125	0.0	0.0
62.0	102.0	1	0.125	0.0	0.0
4.0	62.0	1	0.125	0.0	0.0
63.0	71.0	1	0.125	0.0	0.0
63.0	95.0	1	0.125	0.0	0.0
63.0	102.0	1	0.125	0.0	0.0
78.0	86.0	1	0.125	6.0	0.75
4.0	81.0	1	0.125	0.0	0.0
8.0	65.0	1	0.125	0.0	0.0
65.0	70.0	1	0.125	8.0	1.0
65.0	91.0	1	0.125	0.0	0.0
8.0	60.0	1	0.125	0.0	0.0
66.0	69.0	1	0.125	0.0	0.0
66.0	71.0	1	0.125	0.0	0.0
66.0	72.0	1	0.125	0.0	0.0
66.0	81.0	1	0.125	0.0	0.0
66.0	85.0	1	0.125	0.0	0.0
66.0	90.0	1	0.125	0.0	0.0
4.0	86.0	1	0.125	0.0	0.0
62.0	95.0	1	0.125	0.0	0.0
19.0	90.0	1	0.125	0.0	0.0
55.0	62.0	1	0.125	0.0	0.0
30.0	65.0	1	0.125	0.0	0.0
31.0	60.0	1	0.125	0.0	0.0
31.0	55.0	1	0.125	0.0	0.0
31.0	41.0	1	0.125	0.0	0.0
31.0	35.0	1	0.125	0.0	0.0
16.0	60.0	1	0.125	0.0	0.0
16.0	62.0	1	0.125	0.0	0.0
16.0	67.0	1	0.125	0.0	0.0
17.0	31.0	1	0.125	0.0	0.0
31.0	66.0	1	0.125	0.0	0.0
17.0	34.0	1	0.125	0.0	0.0
29.0	100.0	1	0.125	0.0	0.0
29.0	82.0	1	0.125	0.0	0.0
29.0	73.0	1	0.125	8.0	1.0
17.0	48.0	1	0.125	0.0	0.0
29.0	45.0	1	0.125	0.0	0.0
29.0	42.0	1	0.125	0.0	0.0
16.0	45.0	1	0.125	0.0	0.0
31.0	72.0	1	0.125	0.0	0.0
34.0	83.0	1	0.125	0.0	0.0
16.0	19.0	1	0.125	0.0	0.0
34.0	59.0	1	0.125	0.0	0.0
34.0	50.0	1	0.125	0.0	0.0
34.0	48.0	1	0.125	0.0	0.0
34.0	45.0	1	0.125	0.0	0.0
13.0	83.0	1	0.125	0.0	0.0
33.0	86.0	1	0.125	0.0	0.0
16.0	18.0	1	0.125	0.0	0.0
32.0	61.0	1	0.125	0.0	0.0
31.0	85.0	1	0.125	0.0	0.0
32.0	50.0	1	0.125	0.0	0.0
16.0	31.0	1	0.125	0.0	0.0
31.0	102.0	1	0.125	0.0	0.0
31.0	95.0	1	0.125	0.0	0.0
31.0	91.0	1	0.125	0.0	0.0
16.0	34.0	1	0.125	0.0	0.0
31.0	86.0	1	0.125	0.0	0.0
29.0	32.0	1	0.125	0.0	0.0
17.0	50.0	1	0.125	0.0	0.0
28.0	66.0	1	0.125	0.0	0.0
18.0	86.0	1	0.125	0.0	0.0
24.0	98.0	1	0.125	0.0	0.0
18.0	82.0	1	0.125	0.0	0.0
24.0	54.0	1	0.125	0.0	0.0
24.0	47.0	1	0.125	0.0	0.0
18.0	83.0	1	0.125	0.0	0.0
23.0	79.0	1	0.125	8.0	1.0
23.0	56.0	1	0.125	5.0	0.625
18.0	93.0	1	0.125	0.0	0.0
28.0	62.0	1	0.125	0.0	0.0
22.0	24.0	1	0.125	1.0	0.125
19.0	50.0	1	0.125	0.0	0.0
19.0	55.0	1	0.125	0.0	0.0
19.0	62.0	1	0.125	0.0	0.0
20.0	80.0	1	0.125	8.0	1.0
19.0	86.0	1	0.125	0.0	0.0
19.0	89.0	1	0.125	0.0	0.0
18.0	63.0	1	0.125	0.0	0.0
18.0	62.0	1	0.125	0.0	0.0
26.0	30.0	1	0.125	0.0	0.0
18.0	55.0	1	0.125	0.0	0.0
28.0	61.0	1	0.125	0.0	0.0
28.0	60.0	1	0.125	1.0	0.125
28.0	57.0	1	0.125	1.0	0.125
28.0	50.0	1	0.125	0.0	0.0
28.0	42.0	1	0.125	0.0	0.0
28.0	38.0	1	0.125	0.0	0.0
17.0	52.0	1	0.125	0.0	0.0
28.0	31.0	1	0.125	0.0	0.0
17.0	61.0	1	0.125	0.0	0.0
17.0	66.0	1	0.125	0.0	0.0
27.0	80.0	1	0.125	0.0	0.0
18.0	31.0	1	0.125	0.0	0.0
18.0	48.0	1	0.125	0.0	0.0
18.0	49.0	1	0.125	0.0	0.0
18.0	50.0	1	0.125	0.0	0.0
34.0	67.0	1	0.125	0.0	0.0
34.0	96.0	1	0.125	0.0	0.0
11.0	17.0	1	0.125	0.0	0.0
12.0	19.0	1	0.125	0.0	0.0
48.0	72.0	1	0.125	0.0	0.0
11.0	83.0	1	0.125	0.0	0.0
48.0	60.0	1	0.125	0.0	0.0
11.0	95.0	1	0.125	0.0	0.0
11.0	96.0	1	0.125	0.0	0.0
11.0	99.0	1	0.125	0.0	0.0
12.0	18.0	1	0.125	0.0	0.0
20.0	24.0	1	0.125	0.0	0.0
49.0	55.0	1	0.125	0.0	0.0
46.0	94.0	1	0.125	7.0	0.875
46.0	67.0	1	0.125	0.0	0.0
46.0	50.0	1	0.125	0.0	0.0
45.0	104.0	1	0.125	0.0	0.0
45.0	90.0	1	0.125	0.0	0.0
45.0	81.0	1	0.125	0.0	0.0
45.0	72.0	1	0.125	0.0	0.0
48.0	102.0	1	0.125	0.0	0.0
49.0	63.0	1	0.125	0.0	0.0
34.0	102.0	1	0.125	0.0	0.0
50.0	89.0	1	0.125	0.0	0.0
52.0	83.0	1	0.125	0.0	0.0
52.0	67.0	1	0.125	0.0	0.0
11.0	28.0	1	0.125	0.0	0.0
11.0	29.0	1	0.125	0.0	0.0
11.0	34.0	1	0.125	0.0	0.0
50.0	95.0	1	0.125	0.0	0.0
50.0	90.0	1	0.125	0.0	0.0
50.0	86.0	1	0.125	0.0	0.0
11.0	52.0	1	0.125	0.0	0.0
50.0	83.0	1	0.125	0.0	0.0
50.0	72.0	1	0.125	0.0	0.0
50.0	65.0	1	0.125	0.0	0.0
50.0	63.0	1	0.125	0.0	0.0
11.0	45.0	1	0.125	0.0	0.0
49.0	86.0	1	0.125	0.0	0.0
49.0	85.0	1	0.125	0.0	0.0
45.0	62.0	1	0.125	0.0	0.0
45.0	60.0	1	0.125	0.0	0.0
45.0	57.0	1	0.125	0.0	0.0
13.0	38.0	1	0.125	0.0	0.0
13.0	16.0	1	0.125	0.0	0.0
38.0	83.0	1	0.125	0.0	0.0
38.0	48.0	1	0.125	0.0	0.0
38.0	45.0	1	0.125	0.0	0.0
13.0	28.0	1	0.125	0.0	0.0
37.0	50.0	1	0.125	0.0	0.0
13.0	29.0	1	0.125	0.0	0.0
13.0	57.0	1	0.125	0.0	0.0
45.0	50.0	1	0.125	0.0	0.0
13.0	61.0	1	0.125	0.0	0.0
35.0	63.0	1	0.125	0.0	0.0
35.0	62.0	1	0.125	0.0	0.0
35.0	48.0	1	0.125	0.0	0.0
35.0	42.0	1	0.125	0.0	0.0
35.0	38.0	1	0.125	1.0	0.125
34.0	104.0	1	0.125	0.0	0.0
12.0	95.0	1	0.125	0.0	0.0
12.0	90.0	1	0.125	0.0	0.0
12.0	85.0	1	0.125	0.0	0.0
12.0	83.0	1	0.125	0.0	0.0
12.0	60.0	1	0.125	0.0	0.0
12.0	66.0	1	0.125	0.0	0.0
12.0	67.0	1	0.125	0.0	0.0
42.0	104.0	1	0.125	0.0	0.0
42.0	94.0	1	0.125	8.0	1.0
42.0	83.0	1	0.125	0.0	0.0
42.0	62.0	1	0.125	0.0	0.0
41.0	95.0	1	0.125	0.0	0.0
41.0	93.0	1	0.125	0.0	0.0
41.0	90.0	1	0.125	0.0	0.0
41.0	83.0	1	0.125	0.0	0.0
41.0	62.0	1	0.125	0.0	0.0
41.0	55.0	1	0.125	0.0	0.0
41.0	49.0	1	0.125	0.0	0.0
41.0	45.0	1	0.125	0.0	0.0
101.0	104.0	1	0.125	1.0	0.125
