,A,C,E,D,G,F,I,H,K,M,L,N,Q,P,S,R,T,W,V,Y,Entropy
0,0.000224174407689,0.0,0.0150196853152,0.00602468720665,0.00854664929315,0.0,0.0,0.000294228910092,0.937567427459,0.0,0.0,0.00304036540428,0.0120493744133,0.00899499810853,0.00154119905286,0.00596864360472,0.00072856682499,0.0,0.0,0.0,3.80238982818
1,0.0,0.0272231796338,0.0,0.0,0.0,0.073935521836,0.35831476889,0.0,0.0,0.0153979796282,0.247110251776,0.0,0.0,0.0,0.0,0.0,0.0,0.00690737393692,0.27084471719,0.000266207109131,1.89478294247
2,0.0,0.0179619744161,0.0,0.0,0.0,0.0650806327323,0.495411430093,0.0,0.0,0.0049038151682,0.207081109103,0.0,0.0,0.0,0.0,0.0,0.0,0.0035307469211,0.205988258865,4.20327014417e-05,2.13242016371
3,0.0785871407955,0.0240707270256,0.0128199739397,0.0163927535623,0.0395247502557,0.0255839042775,0.0496826531041,0.077144018046,0.0395107393552,0.0183122469281,0.0664116682779,0.0415142981239,0.0431675843806,0.0495145222983,0.124080534656,0.110041612374,0.0846118280022,0.00589858910232,0.0611575805977,0.0319728748967,0.237874540914
4,0.0,0.0244069886372,0.0,0.0,0.0,0.128045619492,0.0697322516918,0.0,0.0,7.00545024029e-05,0.446513387415,0.0,0.0,0.0,0.0,0.0,0.0,0.00047637061634,0.330755327645,0.0,1.98237498051
5,0.115197623751,0.0,0.000462359715859,0.00337662701582,0.00753786445855,0.0,0.0,0.0559735474199,0.0,1.40109004806e-05,0.0,0.0194191080661,0.00364283412495,0.00648704692251,0.398189791658,0.00942933602343,0.380241828142,0.0,0.0,2.80218009611e-05,2.07646777944
6,0.0372689952783,0.0,0.0218009611478,0.307259047539,0.121768736077,1.40109004806e-05,1.40109004806e-05,0.0144732601964,0.000168130805767,0.0,8.40654028834e-05,0.115940201477,0.0598965995545,0.0576408445771,0.102503747916,0.106566909055,0.054460370168,0.0,5.60436019223e-05,8.40654028834e-05,1.15860429415
7,0.0864612668656,0.00666918862875,0.054838664481,0.0599946758578,0.0755888080927,0.00959746682919,0.0208902526165,0.0424950611576,0.0365544393538,0.00857467109411,0.0273913104395,0.0608493407871,0.0512378630575,0.0664817227803,0.15102349628,0.0968153223208,0.098426575876,0.0018774606644,0.0301514578342,0.014080954983,0.270656070351
8,0.0741456853432,4.20327014417e-05,0.000462359715859,0.00226976587785,0.0219971137545,1.40109004806e-05,2.80218009611e-05,0.0498928166113,0.000182141706247,8.40654028834e-05,5.60436019223e-05,0.0360780687375,0.0116570691998,0.0135345298642,0.444649937651,0.0893054796632,0.255292617657,0.0,1.40109004806e-05,0.000294228910092,1.76495297989
9,0.0,0.0193490535637,0.0,0.0,0.0,0.278060330937,0.0182702142267,0.0,0.0,0.0,0.48599610497,0.0,0.0,0.0,0.0,0.0,0.0,8.40654028834e-05,0.1982402309,0.0,2.18880567875
10,0.00851862749219,1.40109004806e-05,0.239292169308,0.269611757948,0.0608213189862,0.0,2.80218009611e-05,0.0232721056982,0.0153979796282,2.80218009611e-05,1.40109004806e-05,0.0982584450703,0.0578650189848,0.0403373824836,0.0915892564415,0.0565059616382,0.0384178891177,1.40109004806e-05,0.0,1.40109004806e-05,1.19682733339
11,0.107435584885,0.0196993260757,0.0232020511958,0.023061942191,0.0525829095036,0.018046039819,0.0510417104507,0.0363302649461,0.0134084317599,0.0192229554593,0.0627828450535,0.0498507839099,0.0363442758466,0.0563658526333,0.158785535146,0.0571084303588,0.126224202429,0.00347470331918,0.0691157720707,0.0159163829459,0.234608215018
12,0.0,0.0,0.404901012988,0.514115982234,0.00647303602203,0.0,0.0,4.20327014417e-05,0.0105361971614,0.0,0.0,0.0421728104465,0.00615078531097,0.00318047440909,0.00102279573508,0.0113908620907,1.40109004806e-05,0.0,0.0,0.0,2.66154142738
13,0.0,0.0249534137559,0.0,0.0,0.0,0.0882966948286,0.0973897692405,0.0,0.0,0.000462359715859,0.297577515307,0.0,0.0,0.0,0.0,0.0,0.0,0.000322250711053,0.490997996441,0.0,2.06629821701
14,0.0,0.0363722976476,0.0,0.0,0.0,0.0843316099926,0.204040743699,0.0,0.0,0.0714415815504,0.326874308212,0.0,0.0,0.0,0.0,0.0,0.0,0.0135065080633,0.263362896333,7.00545024029e-05,1.71466823909
15,0.0148655654099,0.000854664929315,0.0230479312905,0.0174435710983,0.0319028203943,0.000854664929315,0.00218570047497,0.00926120521766,0.65365054012,0.00119092654085,0.00297031090188,0.0227677132809,0.0584394659045,0.0444285654239,0.0327154526221,0.0583554005016,0.0199795440853,0.00025219620865,0.00375492132879,0.001078839337,2.16754618723
16,0.956874448321,0.000714555924509,0.0,4.20327014417e-05,0.000182141706247,0.000336261611534,0.000336261611534,0.000392305213456,0.0,0.00292827820044,0.000574446919704,7.00545024029e-05,2.80218009611e-05,0.00025219620865,0.000910708531237,0.000112087203845,0.00404915023889,0.000546425118742,0.000532414218262,0.0311182099674,3.19455529018
17,0.0831266725512,0.0106202625643,0.0494584786964,0.0652347526376,0.0677146820226,0.0130301374469,0.0317346895885,0.0428453336696,0.0316786459866,0.0129180502431,0.0406876549956,0.058047160691,0.0432236279826,0.0593922071372,0.145405125187,0.0877362588094,0.0940691858266,0.00211564597257,0.0442744455186,0.0166869824724,0.191801243456
18,0.0932985863001,0.0113488293893,0.0331077578356,0.0337242374567,0.0838832611772,0.0125397559301,0.0340464881678,0.0395387611562,0.0329396270298,0.0133663990585,0.0434758241912,0.0496966640046,0.0443164782201,0.0651506872347,0.151247670688,0.0940411640256,0.0990290445967,0.00254998388746,0.0481274431508,0.0145713364998,0.210183767672
19,0.99971978199,1.40109004806e-05,0.0,0.0,0.0,0.0,0.0,0.0,0.0,1.40109004806e-05,0.0,0.0,0.0,0.0,0.0,0.0,1.40109004806e-05,0.0,0.0,0.00023818530817,3.45450826591
20,0.0,0.00103680663556,0.0,0.0,0.0,0.0107603715691,0.920684292379,0.0,0.0,0.0,0.0449189469407,0.0,0.0,0.0,0.0,0.0,0.0,0.0,0.0225995824752,0.0,3.58426762591
21,0.0,0.00361481232399,0.0,0.0,0.0,0.147674891065,0.0400991971754,0.0,0.0,0.0,0.505485267538,0.0,0.0,0.0,0.0,0.0,0.0,1.40109004806e-05,0.303111820997,0.0,2.09545929883
22,0.0,0.0153559469267,0.0,0.0,0.0,0.0882686730276,0.0246591848458,0.0,0.0,0.0,0.295868185448,0.0,0.0,0.0,0.0,0.0,0.0,1.40109004806e-05,0.575833998851,0.0,2.31233538909
23,0.0,0.0,0.459893797374,0.525114539111,0.000924719431718,0.0,0.0,0.0,0.000126098104325,0.0,0.0,0.0116570691998,0.000616479621145,0.000182141706247,4.20327014417e-05,0.0014431227495,0.0,0.0,0.0,0.0,3.00969579569
24,0.0,0.0106482843652,0.0,0.0,0.0,0.276294957477,0.0054082075855,0.0,0.0,0.0,0.456419094055,0.0,0.0,0.0,0.0,0.0,0.0,0.0,0.251229456517,0.0,2.2358287794
25,0.0,7.00545024029e-05,0.0,0.0,0.0,0.0580051279896,0.043966205708,0.0,0.0,0.00849060569123,0.103050173035,0.0,0.0,0.0,0.0,0.0,0.0,0.718338867639,0.0672663332072,0.000812632227873,4.16900492963
26,0.999943956398,0.0,0.0,0.0,0.0,0.0,0.0,0.0,0.0,0.0,0.0,0.0,0.0,0.0,0.0,0.0,0.0,0.0,0.0,5.60436019223e-05,3.4572089134
27,0.0369467445673,2.80218009611e-05,0.233295503902,0.20467123422,0.0533114763286,0.0,1.40109004806e-05,0.0356437308226,0.000224174407689,5.60436019223e-05,8.40654028834e-05,0.0780407156768,0.0671962787048,0.0449890014431,0.123702240343,0.0384038782173,0.0831546943522,0.0,0.000168130805767,7.00545024029e-05,1.05169630534
28,0.0,0.157748728511,0.0,0.0,0.0,0.0798901545402,0.103022151234,0.0,0.0,0.0319168312947,0.180376332787,0.0,0.0,0.0,0.0,0.0,0.0,0.256497555098,0.14372381713,0.0468244294061,2.21566571433
29,0.0,0.999551651185,0.0,0.0,0.0,0.000154119905286,7.00545024029e-05,0.0,0.0,0.0,8.40654028834e-05,0.0,0.0,0.0,0.0,0.0,0.0,8.40654028834e-05,5.60436019223e-05,0.0,6.36139537134
30,0.0929903464896,0.0166869824724,0.0177518109089,0.0176537346055,0.133481848878,0.0101018592465,0.0297731635212,0.045423339358,0.0247572611492,0.010816415171,0.035713785325,0.0488279881748,0.0423689630533,0.0723242682807,0.142602945091,0.11515559105,0.0892774578622,0.00239586398218,0.0426631919633,0.0092331834167,0.324881027718
31,0.0,0.0,0.000210163507209,0.00308239810573,0.103470500049,0.0,0.0,0.00455354265619,0.0,0.0,0.0,0.0434898350917,0.079679991033,0.490185364213,0.105768287728,0.126756616648,0.0428033009682,0.0,0.0,0.0,1.95600176708
32,0.0,0.99854286635,0.0,0.0,0.0,0.00049038151682,0.000448348815378,0.0,0.0,0.0,0.000294228910092,0.0,0.0,0.0,0.0,0.0,0.0,0.0,0.000224174407689,0.0,6.34691393844
33,0.0,0.0,0.00993372844073,0.00149916635142,9.8076303364e-05,0.0,0.0,0.0,0.987936614686,0.0,0.0,0.000126098104325,0.000196152606728,0.000154119905286,0.0,5.60436019223e-05,0.0,0.0,0.0,0.0,4.21611800036
34,0.00542221848598,0.0348030767937,0.0,4.20327014417e-05,7.00545024029e-05,0.0629509758592,0.184957897244,0.000224174407689,0.0,0.150547125664,0.260840934247,0.000154119905286,0.0,0.000112087203845,0.000868675829796,5.60436019223e-05,0.00098076303364,0.0107743824696,0.251747859835,0.0354475782159,1.61597619435
35,0.0,0.000154119905286,0.0,0.0,0.0,0.0565760161406,0.90350692839,0.0,0.0,0.0,0.0264245583064,0.0,0.0,0.0,0.0,0.0,0.0,4.20327014417e-05,0.0132963445561,0.0,3.54869412513
36,0.687318733975,1.40109004806e-05,0.00183542796296,0.00169531895815,0.00176537346055,0.0,5.60436019223e-05,0.0110546004792,0.0,9.8076303364e-05,4.20327014417e-05,0.0103260336542,0.00473568436243,0.000868675829796,0.106959214269,0.000518403317781,0.172670337523,0.0,4.20327014417e-05,0.0,2.27615075884
37,0.011166687683,7.00545024029e-05,0.00615078531097,0.0102559791518,0.081865691508,0.0,2.80218009611e-05,0.0212965687305,0.0189987810517,0.000112087203845,5.60436019223e-05,0.0481974976532,0.132669216651,0.409426533843,0.133369761675,0.0747201322629,0.0512658848584,1.40109004806e-05,9.8076303364e-05,0.00023818530817,1.57340909421
38,0.0,0.0167570369748,0.0,0.0,0.0,0.0788813697056,0.361327112494,0.0,0.0,0.00284421279756,0.276336990178,0.0,0.0,0.0,0.0,0.0,0.0,0.00418925924369,0.259664018606,0.0,1.94261318105
39,0.0,0.0059126000028,0.0,0.0,0.0,0.13964664509,0.0689196194639,0.0,0.0,2.80218009611e-05,0.46266795567,0.0,0.0,0.0,0.0,0.0,0.0,0.000196152606728,0.322629005366,0.0,2.01775457948
40,1.40109004806e-05,0.0,0.35247222339,0.358090594483,0.0536477379401,0.0,0.0,0.00193350426632,0.0163647317613,0.0,0.0,0.0724363554846,0.0336681938548,0.0253737407703,0.0214226668348,0.0590979782271,0.0054782620879,0.0,0.0,0.0,1.78806926528
41,0.000364283412495,0.0,0.546887478458,0.331077578356,0.0336121502529,0.0,0.0,0.00120493744133,0.0,0.0,0.0,0.0385159654211,0.0192229554593,0.0121194289157,0.00668319952923,0.00815434407969,0.00215767867401,0.0,0.0,0.0,2.44057636937
42,0.0,0.000154119905286,0.0,0.0,0.0,0.0173875274964,0.894904235495,0.0,0.0,0.0,0.0712033962423,0.0,0.0,0.0,0.0,0.0,0.0,8.40654028834e-05,0.0162666554579,0.0,3.46582604162
43,0.977736679136,0.0,0.0,0.0,1.40109004806e-05,0.0,0.0,0.000924719431718,0.0,2.80218009611e-05,0.0,2.80218009611e-05,1.40109004806e-05,1.40109004806e-05,0.00473568436243,1.40109004806e-05,0.0164207753632,0.0,0.0,7.00545024029e-05,3.29615380796
44,0.10000980763,0.00333459431438,0.146273801017,0.181273030418,0.0379555294019,0.00313844170765,0.00906505261093,0.0435879113951,0.00176537346055,0.00355876872207,0.0109985568773,0.0687935213596,0.04723074552,0.0312723298726,0.155731158842,0.0327714962241,0.105137797206,0.000378294312975,0.0145853474003,0.00313844170765,0.690725050399
45,0.000112087203845,0.0,0.62855701736,0.297059111989,0.00494584786964,0.0,0.0,0.00123295924229,0.0,0.0,0.0,0.029212727502,0.0270410379275,0.00312443080717,0.00570243649559,0.00198954786824,0.00102279573508,0.0,0.0,0.0,2.7343990258
46,2.80218009611e-05,0.0,0.0,0.0,0.0,0.0,0.0,0.0,0.0,0.00105081753604,1.40109004806e-05,0.0,0.0,0.0,0.0,0.0,0.0,0.0,4.20327014417e-05,0.998865117061,5.07985439163
47,0.0611715914982,0.00315245260813,0.0365824611548,0.0251915990641,0.0676726493212,0.00229778767881,0.00643100332058,0.0662015047707,0.00518403317781,0.0029563000014,0.00895296540709,0.0451851540499,0.233869950822,0.113866588206,0.105389993415,0.139170274474,0.0651366763342,0.000182141706247,0.00948537962535,0.00191949336584,0.906638461079
48,0.08833872753,0.0245751194429,0.0246451739453,0.0259621985905,0.0570243649559,0.023089963992,0.0595883597439,0.0386560744259,0.0357558180264,0.020175696692,0.0710352654365,0.0399730990711,0.0364983957519,0.0562257436285,0.127835455985,0.0788393370042,0.0888571308478,0.00578650189848,0.0758129825004,0.0213245905314,0.125153862358
49,0.08075883037,0.0230759530915,0.0245891303434,0.0244209995376,0.0502991327253,0.0214226668348,0.0557914057136,0.0416684180292,0.0491362279854,0.0191949336584,0.0682891289423,0.0396928810615,0.0420887450436,0.0559455256189,0.12333795693,0.0961988426996,0.0857046782397,0.00522606587925,0.0711613635408,0.0219971137545,0.136298378505
50,0.0,0.0028161909966,0.0,0.0,0.0,0.147478738459,0.0456615246662,0.0,0.0,0.0,0.541997674191,0.0,0.0,0.0,0.0,0.0,0.0,0.0,0.262045871688,0.0,2.09873655875
51,0.00348871421966,0.0,0.00096675213316,0.000854664929315,0.0356016981211,0.0,0.0,0.057668866378,0.000224174407689,0.0,0.0,0.0114889383941,0.0154400123296,0.0548947080829,0.174982136102,0.036764602861,0.607540666639,0.0,0.0,8.40654028834e-05,2.29750318599
52,0.0,0.0183262578286,0.0,0.0,0.0,0.0924299104703,0.0984966303784,0.0,0.0,7.00545024029e-05,0.311056001569,0.0,0.0,0.0,0.0,0.0,0.0,0.000182141706247,0.479439003545,0.0,2.05934449457
53,0.989575890042,0.0,0.0,0.0,0.0,0.0,0.0,0.0,0.0,0.0,0.0,0.0,0.0,0.0,0.0,0.0,0.0,0.0,0.0,0.0104241099575,3.3914409228
54,0.0,0.0,0.0152999033248,0.0132963445561,0.0,0.0,0.0,0.0,0.971403752119,0.0,0.0,0.0,0.0,0.0,0.0,0.0,0.0,0.0,0.0,0.0,4.10267795247
55,0.0,0.0275874630462,0.0,0.0,0.0,0.127331063567,0.041136003811,0.0,0.0,8.40654028834e-05,0.473064043826,0.0,0.0,0.0,0.0,0.0,0.0,2.80218009611e-05,0.330769338545,0.0,2.04779499529
56,0.00253597298698,0.0,0.00629089431578,0.0291706948006,0.135009037031,0.0,0.0,0.00746780995615,0.000224174407689,0.0,0.0,0.359659815336,0.0670001260981,0.0605411009766,0.102153475404,0.17084892046,0.0590979782271,0.0,0.0,0.0,1.61480384191
57,0.0,0.0170232440839,0.0,0.0,0.0,0.0615498858112,0.473106076528,0.0,0.0,0.000462359715859,0.235158953666,0.0,0.0,0.0,0.0,0.0,0.0,0.000378294312975,0.212321185883,0.0,2.12807105122
58,0.000560436019223,0.0,0.113320163087,0.326257828591,0.103134238438,0.0,0.0,0.005772490998,0.00707550474269,0.0,0.0,0.132767292954,0.0603449483698,0.0493043587911,0.0587056730136,0.116178386785,0.0265786782116,0.0,0.0,0.0,1.3159406018
59,0.0787552716013,0.0145573255993,0.0300393706304,0.0248833592535,0.0538579014473,0.0170932985863,0.0390343687389,0.0520224734844,0.0427612682667,0.0154960559315,0.0527930730108,0.0436019222955,0.070292687711,0.0686113796534,0.12478107968,0.112619618063,0.0842895772911,0.00362882322447,0.0528771384137,0.0180040071175,0.199266286161
60,0.00994773934121,0.0,0.0149776526137,0.049066173483,0.132529107646,0.0,0.0,0.0127779412383,0.000574446919704,0.0,0.0,0.291622882603,0.0629089431578,0.0673503986101,0.141846356465,0.157580597705,0.058803749317,0.0,0.0,1.40109004806e-05,1.34721442248
61,0.0882826839281,0.0111246549816,0.0240427052247,0.0248273156516,0.0519664298824,0.0131842573522,0.0357558180264,0.0328415507265,0.0262564275006,0.0132683227551,0.0487579336724,0.037170918975,0.0610314824934,0.183472741793,0.124094545556,0.0733050313144,0.0870777464868,0.00287223459852,0.049066173483,0.0116010255979,0.337562182809
62,0.0969274095246,0.00200355876872,0.0275033976434,0.0439241730066,0.203354209575,0.00318047440909,0.0100738374455,0.0290305857957,0.0129881047455,0.00445546635282,0.0138287587743,0.05772490998,0.05335350903,0.071021254536,0.148137250781,0.106230647444,0.0962829081025,0.000504392417301,0.0159303938464,0.00354475782159,0.552793019096
63,0.0,0.0,0.0,0.0,0.000168130805767,0.0,0.0,0.0218990374511,0.0,0.0,0.0,2.80218009611e-05,2.80218009611e-05,0.00117691564037,0.339133846132,0.000196152606728,0.637369873762,0.0,0.0,0.0,3.02543467207
64,0.98018858672,2.80218009611e-05,0.0,0.0,0.0,0.0,0.0,0.0,0.0,5.60436019223e-05,0.0,0.0,0.0,0.0,0.0,0.0,0.0,0.0,0.0,0.0197273478766,3.34919211575
65,0.0646603057178,0.000560436019223,0.0310761772659,0.028834433189,0.0805206450619,0.000910708531237,0.0014431227495,0.0280638336626,0.00722962464798,0.00113488293893,0.00257800568843,0.0465862440979,0.0842475445897,0.245933336136,0.137993358833,0.150827343673,0.0813052554888,0.000182141706247,0.00291426729996,0.00299833270284,0.940263119601
66,0.0563098090314,0.00430134644754,0.0357277962255,0.0250514900593,0.0567441469463,0.00491782606868,0.00959746682919,0.0321410057024,0.237708937553,0.00515601137685,0.0135905734662,0.0375352023875,0.0586075967102,0.0596023706444,0.101649082987,0.170610735152,0.0650386000308,0.0010087848346,0.0147114455046,0.00998977204265,0.687869861226
67,0.000392305213456,0.0,0.0,0.0,0.0,0.0,0.0,0.0,0.0,0.0,0.0,0.0,0.0,0.0,0.0,0.0,0.0,0.0,0.0,0.999607694787,5.08730903156
68,0.0873299426954,0.023061942191,0.0241828142295,0.0255839042775,0.0570243649559,0.0238605635184,0.0570944194583,0.0391044232413,0.0364563630505,0.020932285318,0.0702086223082,0.0405195241898,0.0377453658947,0.0557073403108,0.130637636081,0.0786712061984,0.088745043644,0.00573045829655,0.0760791896095,0.0213245905314,0.126879131207
69,0.0,0.01224552702,0.0,0.0,0.0,0.0515881355695,0.610356857635,0.0,0.0,0.000602468720665,0.193854819049,0.0,0.0,0.0,0.0,0.0,0.0,0.000154119905286,0.1311980721,0.0,2.41523492936
70,0.0828464545416,0.0236784218122,0.0231880402953,0.0224454625699,0.0529612038166,0.0239306180208,0.0563238199319,0.0433777478879,0.0442043910162,0.0198954786824,0.0702646659101,0.0381516820086,0.0414022109201,0.0554551441021,0.123674218542,0.0906925588108,0.0862370924579,0.00683731943452,0.0728987152004,0.0215347540386,0.133531884149
71,0.0888010872459,0.024869348353,0.025597915178,0.0252896753674,0.0587897384165,0.0230058985891,0.056996343155,0.037871463999,0.0366525156572,0.0201476748911,0.070292687711,0.0408557858014,0.0374091042831,0.0565059616382,0.125481624704,0.0780267047763,0.0891513597579,0.00538018578454,0.0777464867667,0.0211284379247,0.122288120461
72,0.0,0.0,0.0,0.0,0.0,0.0622083981337,0.667619407899,0.0,0.0,2.80218009611e-05,0.207095120003,0.0,0.0,0.0,0.0,0.0,0.0,0.0,0.0630490521626,0.0,2.6246978489
73,0.0,0.0,0.0,1.40109004806e-05,0.0898519047819,0.0,0.0,0.0,0.0,0.0,0.0,0.0123716251243,0.0257660459838,0.845908116515,2.80218009611e-05,0.0260462639934,1.40109004806e-05,0.0,0.0,0.0,3.45164758953
74,0.0,0.0,0.0,0.0,0.000686534123548,0.0,0.0,0.0759110588037,0.0,0.0,0.0,5.60436019223e-05,5.60436019223e-05,0.00236784218122,0.0486178246676,0.000210163507209,0.872094489513,0.0,0.0,0.0,3.55717316487
75,0.0,0.0127779412383,0.0,0.0,0.0,0.123183837025,0.145825452202,0.0,0.0,0.000448348815378,0.404102391661,0.0,0.0,0.0,0.0,0.0,0.0,0.00126098104325,0.312401048015,0.0,1.89904362026
76,0.0,0.0368766900649,0.0,0.0,0.0,0.125986017121,0.120970114749,0.0,0.0,0.000602468720665,0.409958948062,0.0,0.0,0.0,0.0,0.0,0.0,0.000350272512014,0.30525548877,0.0,1.896159259
77,0.0,0.0258921440881,0.0,0.0,0.0,0.132445042243,0.00977960853544,0.0,0.0,0.0,0.462065486949,0.0,0.0,0.0,0.0,0.0,0.0,0.000196152606728,0.369621565578,0.0,2.16054792773
78,0.0,0.0117691564037,0.0,0.0,0.0,0.303139842798,0.0272512014347,0.0,0.0,0.0,0.484959298334,0.0,0.0,0.0,0.0,0.0,0.0,0.000112087203845,0.172768413826,0.0,2.20765703486
79,0.0,0.0,0.0391744777437,0.0154960559315,0.00243789668362,0.0,0.0,4.20327014417e-05,0.935605901391,0.0,0.0,0.0023818530817,0.00135905734662,0.000826643128354,0.000378294312975,0.00215767867401,0.000140109004806,0.0,0.0,0.0,3.85526511921
80,0.0868255502781,0.00294228910092,0.0251915990641,0.040029142673,0.0721701483754,0.00399310663696,0.00962548863015,0.0510837431522,0.0082944530845,0.00388101943312,0.0139408459782,0.123057738921,0.0447788379359,0.0601347848626,0.202163283034,0.102811987726,0.127779412383,0.000504392417301,0.0153139142253,0.0054782620879,0.639128679353
81,0.000322250711053,0.0,0.00700545024029,0.00851862749219,0.201672901517,0.0,0.0,0.0321129839015,0.00347470331918,0.0,0.0,0.0627828450535,0.069620164488,0.101691115688,0.243621537556,0.165202527566,0.103974892466,0.0,0.0,0.0,1.26859958751
82,0.0112227312849,9.8076303364e-05,0.173805220462,0.153825676376,0.0647583820212,0.000112087203845,0.000168130805767,0.031020133664,0.0974037801409,8.40654028834e-05,0.000168130805767,0.0820338223138,0.0631611393664,0.0499488602132,0.105908396733,0.11224132375,0.0529612038166,1.40109004806e-05,0.000182141706247,0.000882686730276,0.856987839336
83,0.0,0.048715900971,0.0,0.0,0.0,0.0842335336892,0.142939206703,0.0,0.0,0.0205399801045,0.288722626203,0.0,0.0,0.0,0.0,0.0,0.0,0.00456755355667,0.410281198773,0.0,1.87327093445
84,0.678169615961,0.00124697014277,0.00197553696776,0.00231179857929,0.0098076303364,0.000434337914898,0.00124697014277,0.0148935872109,0.000112087203845,0.00236784218122,0.0015131772519,0.0114609165931,0.00594062180376,0.0124136578258,0.0969414204251,0.00637495971866,0.148417468791,8.40654028834e-05,0.00225575497737,0.00203158056968,2.03796120864
85,0.996777492889,0.0,0.0,0.0,0.0,0.0,0.0,0.0,0.0,0.0,0.0,0.0,0.0,0.0,0.0,0.0,0.0,0.0,0.0,0.00322250711053,3.43194211029
86,0.0,0.0,0.0,0.0,0.00110686113797,0.0,0.0,0.0778165412691,0.0,0.0,0.0,0.000140109004806,0.000126098104325,0.00368486682639,0.064576240315,0.000322250711053,0.852227032631,0.0,0.0,0.0,3.46801051047
87,0.0,0.0,0.0395107393552,0.016210611856,2.80218009611e-05,0.0,0.0,0.0,0.943802278172,0.0,0.0,0.000322250711053,2.80218009611e-05,7.00545024029e-05,0.0,2.80218009611e-05,0.0,0.0,0.0,0.0,3.94554042678
88,0.00441343365138,0.0491642497863,0.000168130805767,0.000308239810573,0.000532414218262,0.0724363554846,0.222100794418,0.00826643128354,0.0,0.0588878147199,0.245863281633,0.000812632227873,0.00025219620865,0.000196152606728,0.00350272512014,0.000434337914898,0.00319448530957,0.0125397559301,0.300183542796,0.0167430260743,1.54663423194
89,0.0789093915066,0.000210163507209,0.0236083673098,0.0242949014333,0.225379345131,0.000224174407689,0.000924719431718,0.0431115407787,0.00103680663556,0.000560436019223,0.00138707914758,0.0577669426814,0.049738696706,0.094811763552,0.136396116178,0.173945329466,0.0858728090454,7.00545024029e-05,0.00161125355527,0.000140109004806,0.91487834238
90,0.998416768246,0.0,0.0,0.0,0.0,0.0,0.0,0.000448348815378,0.0,0.0,0.0,0.0,0.0,1.40109004806e-05,0.000168130805767,0.0,0.000952741232679,0.0,0.0,0.0,3.44050840309
91,0.0,0.0336261611534,0.0,0.0,0.0,0.102223529906,0.220447508161,0.0,0.0,0.00991971754025,0.340478892578,0.0,0.0,0.0,0.0,0.0,0.0,0.00811231137825,0.285149846581,4.20327014417e-05,1.79592758291
92,0.0397769464643,0.0,0.00518403317781,0.0111526767825,0.0430414862763,0.0,0.0,0.0624886161434,0.000154119905286,0.0,0.0,0.0633853137741,0.0284000952741,0.0756868843961,0.39825984616,0.0640017933953,0.208440166449,0.0,0.0,2.80218009611e-05,1.48297643367
93,0.0,0.0,0.0,0.0,0.0,0.0,0.0,0.0,1.0,0.0,0.0,0.0,0.0,0.0,0.0,0.0,0.0,0.0,0.0,0.0,4.32481637421
94,0.0634133355751,0.000602468720665,0.0189427374497,0.0138427696748,0.266123043728,0.000588457820184,0.00246591848458,0.0389923360374,0.00145713364998,0.0015131772519,0.00325052891149,0.0446107071301,0.0534375744329,0.108304260715,0.114034719011,0.195942443221,0.0671262242024,7.00545024029e-05,0.00458156445715,0.000700545024029,0.984898721928
95,0.00285822369804,0.0,0.00864472559651,0.0180600507195,0.100177938436,0.0,0.0,0.00567441469463,0.00650105782299,0.0,0.0,0.0805066341614,0.318439746122,0.233351547504,0.0513219284603,0.156487747468,0.0179759853166,0.0,0.0,0.0,1.71898360374
96,0.0,0.00142911184902,0.0,0.0,0.0,0.140109004806,0.0769898981408,0.0,0.0,0.0,0.504532526305,0.0,0.0,0.0,0.0,0.0,0.0,0.0,0.276939458899,0.0,2.03043226417
97,0.0,0.0,0.0,0.0,0.0,0.0,0.0,0.0,1.0,0.0,0.0,0.0,0.0,0.0,0.0,0.0,0.0,0.0,0.0,0.0,4.32481637421
98,0.019503173469,0.000322250711053,0.530943073711,0.123071749821,0.0730388242052,0.000448348815378,0.001078839337,0.0093032379191,0.0385439872221,0.000504392417301,0.00154119905286,0.0195171843694,0.0374651478851,0.0430835189778,0.0359379597327,0.041486276323,0.0213526123324,2.80218009611e-05,0.00225575497737,0.000574446919704,1.58037117381
99,0.0,0.0528351057122,0.0,0.0,0.0,0.229484538971,0.100402112844,0.0,0.0,0.000910708531237,0.342006080731,0.0,0.0,0.0,0.0,0.0,0.0,0.00481974976532,0.269541703445,0.0,1.91247585182
100,0.0,0.00500189147156,0.0,0.0,0.0,0.144788645566,0.0990010227957,0.0,0.0,2.80218009611e-05,0.473568436243,0.0,0.0,0.0,0.0,0.0,0.0,0.000154119905286,0.277457862217,0.0,1.9737624422
101,0.0181020834209,5.60436019223e-05,0.233463634708,0.286536925728,0.140445266417,5.60436019223e-05,0.000140109004806,0.00680929763356,0.0270690597285,7.00545024029e-05,0.000112087203845,0.0707130147255,0.0405335350903,0.0312863407731,0.0642119569025,0.0419346251384,0.0373810824822,1.40109004806e-05,0.000308239810573,0.000756588625951,1.18200193835
102,0.0945315455424,0.0228938113853,0.0230479312905,0.0234822692054,0.0511397867541,0.0232861165987,0.0623344962381,0.036064057837,0.0333879758452,0.0223473862665,0.0737533801297,0.0395107393552,0.0361901559413,0.0567581578468,0.12974093845,0.0739215109355,0.0916593109439,0.00552029478935,0.0797220237345,0.0207081109103,0.131998253829
103,0.0,0.0,0.0229778767881,0.0342146189736,0.135793647458,0.0,0.0,0.00365684502543,0.0028161909966,0.0,0.0,0.368892998753,0.0891373488574,0.0647723929217,0.0629509758592,0.202107239432,0.0126798649349,0.0,0.0,0.0,1.71741209152
