,protein,pdb,chain,beta,nsus,run,auc_mi,auc_01_mi,auc_di,auc_01_di,auc_frob,auc_01_frob,auc_psicov,auc_01_psicov,execution_time,start_residue,end_residue,message,count_seq_scpe,count_seq_cluster,seq_lenght,execution_time_optimization_total
1,THIO_ECOLI/4-107,2TRX,A,0.001,1.0,1000,0.508343496337526,0.499021870654363,0.481572800243517,0.496941154901373,0.497458294456686,0.491567560585334,0.507595446770013,0.4961493353588,36.5554020404816,,,,4121,1107,108,169254.664972067
2,THIO_ECOLI/4-107,2TRX,A,0.001,1.0,5000,0.475445704273013,0.511322725663062,0.504626155546291,0.503365160190047,0.496406143502802,0.496323956816363,0.478605936313547,0.507460975978735,52.2931079864502,,,,20851,5695,108,169254.664972067
3,THIO_ECOLI/4-107,2TRX,A,0.001,1.0,10000,0.523282480385472,0.508435356472925,0.526823232022446,0.506826527178053,0.530493187488006,0.506109638451408,0.482831738580196,0.499302595526742,91.3027498722076,,,,41721,11406,108,169254.664972067
4,THIO_ECOLI/4-107,2TRX,A,0.001,1.0,20000,0.510500272652262,0.500186478890732,0.518400730550096,0.495680910437199,0.518497343153409,0.489590324802407,0.525361686918614,0.504178097187909,213.935126066208,,,,84841,23537,108,169254.664972067
5,THIO_ECOLI/4-107,2TRX,A,0.001,2.0,1000,0.505259618050844,0.496954266201262,0.481762055069184,0.491436829591328,0.502527147479801,0.500861117430244,0.502585656586658,0.49973663096449,67.1242179870606,,,,8781,2379,108,169254.664972067
6,THIO_ECOLI/4-107,2TRX,A,0.001,2.0,5000,0.493058113280062,0.49999686871923,0.495625301914385,0.496910244208015,0.467990126986018,0.502617229068509,0.482835604821977,0.504147884231365,88.3561081886291,,,,43741,11855,108,169254.664972067
7,THIO_ECOLI/4-107,2TRX,A,0.001,2.0,10000,0.493814122797185,0.492359595106986,0.526453986593347,0.502555482931366,0.516697437119092,0.497858872931489,0.524893442080691,0.499703334649423,188.80496096611,,,,87531,23691,108,169254.664972067
8,THIO_ECOLI/4-107,2TRX,A,0.001,2.0,20000,0.506066196766437,0.501024371855258,0.496828989074835,0.500942100706535,0.499941106015789,0.501947751091306,0.489653077829165,0.495926406485667,545.083278894424,,,,175231,47406,108,169254.664972067
9,THIO_ECOLI/4-107,2TRX,A,0.001,3.0,1000,0.51343160052356,0.496340163533446,0.484446032596828,0.490352739792941,0.503420483195363,0.499054325056921,0.499185511731466,0.501075595756733,75.0947730541229,,,,8841,2388,108,169254.664972067
10,THIO_ECOLI/4-107,2TRX,A,0.001,3.0,5000,0.489985191653048,0.519504195370648,0.507740257677724,0.52382532731585,0.511885335397931,0.512697275075706,0.515062448396412,0.500819494457635,91.0751519203186,,,,43901,11846,108,169254.664972067
11,THIO_ECOLI/4-107,2TRX,A,0.001,3.0,10000,0.509852986911849,0.502230303902979,0.488154368411649,0.505632696010866,0.492345767243034,0.503348106584304,0.508464062423481,0.500247439859676,189.762668848038,,,,87831,23670,108,169254.664972067
12,THIO_ECOLI/4-107,2TRX,A,0.001,3.0,20000,0.491394386650406,0.500841289518034,0.492896326735884,0.506413421374224,0.500364613317981,0.505012414712204,0.471781160405217,0.498573439465554,534.96873998642,,,,175551,47489,108,169254.664972067
13,THIO_ECOLI/4-107,2TRX,A,0.001,5.0,1000,0.491595820624311,0.503268987358539,0.512532507494094,0.491420925130138,0.484656462787604,0.495578888591902,0.484215853137799,0.485915815216887,72.4524531364441,,,,8791,2373,108,169254.664972067
14,THIO_ECOLI/4-107,2TRX,A,0.001,5.0,5000,0.507521746862392,0.493544184849447,0.483968263421542,0.495796738103567,0.484678299882874,0.489637340030161,0.49165450232447,0.499016065653517,92.2382650375366,,,,44141,11941,108,169254.664972067
15,THIO_ECOLI/4-107,2TRX,A,0.001,5.0,10000,0.530405994809915,0.496510632323637,0.51282631568499,0.496406150401274,0.53401226847716,0.501204041364435,0.506545976917677,0.499071858883531,192.116760969162,,,,87961,23786,108,169254.664972067
16,THIO_ECOLI/4-107,2TRX,A,0.001,5.0,20000,0.482036556473574,0.494597345604613,0.499424956491242,0.495410792490895,0.535763206479662,0.507051915358636,0.533593774835234,0.508262238429761,543.030164003372,,,,176081,47565,108,169254.664972067
17,THIO_ECOLI/4-107,2TRX,A,0.001,7.0,1000,0.472210961210896,0.502379401426416,0.493977593816793,0.49673113641073,0.46908595213044,0.500468242598415,0.451570596286174,0.494443546457952,67.3120558261871,,,,8791,2356,108,169254.664972067
18,THIO_ECOLI/4-107,2TRX,A,0.001,7.0,5000,0.500467343675858,0.50149714925523,0.487040014822756,0.495531198116344,0.492396058735169,0.493672460806791,0.495811141821481,0.495627595231989,94.7793958187103,,,,44021,11894,108,169254.664972067
19,THIO_ECOLI/4-107,2TRX,A,0.001,7.0,10000,0.501932164791533,0.497865299042107,0.490999808098254,0.499856252270996,0.485491566249115,0.501807696105855,0.504986163150248,0.505197424273223,211.323791980743,,,,87911,23750,108,169254.664972067
20,THIO_ECOLI/4-107,2TRX,A,0.001,7.0,20000,0.536115257317152,0.517818868155733,0.55597509247679,0.504180579242662,0.53913141299241,0.515577972467565,0.508497569852249,0.505391172298148,569.087677955627,,,,175951,47457,108,169254.664972067
21,THIO_ECOLI/4-107,2TRX,A,0.001,10.0,1000,0.497130619396827,0.496771967642377,0.498810870903063,0.503182430946261,0.50340526340169,0.504724501716209,0.506469940829317,0.505134129692232,74.360650062561,,,,8811,2367,108,169254.664972067
22,THIO_ECOLI/4-107,2TRX,A,0.001,10.0,5000,0.499462702266259,0.509020440540782,0.519999470615872,0.504649244201552,0.512562947081439,0.500787830312824,0.465515700807873,0.496684019163764,99.653048992157,,,,43911,11833,108,169254.664972067
23,THIO_ECOLI/4-107,2TRX,A,0.001,10.0,10000,0.50918968759192,0.500659126762127,0.533660889762373,0.506513476120723,0.529209430978236,0.505889338539527,0.533461893032259,0.503734941177546,201.012359142303,,,,87761,23701,108,169254.664972067
24,THIO_ECOLI/4-107,2TRX,A,0.001,10.0,20000,0.486336623983454,0.501671655125756,0.492168423560241,0.493004975289934,0.500807972524964,0.503154676775423,0.477508353230159,0.500725109235655,563.740004777908,,,,176021,47557,108,169254.664972067
25,THIO_ECOLI/4-107,2TRX,A,0.001,15.0,1000,0.492730256309982,0.494280699467367,0.507507328661518,0.499660812973532,0.506203720246958,0.495408214756977,0.526122047802213,0.499652511555406,74.2763068675995,,,,8781,2397,108,169254.664972067
26,THIO_ECOLI/4-107,2TRX,A,0.001,15.0,5000,0.495835205096027,0.497467431696411,0.484279276596589,0.489186949890464,0.47275723105632,0.48905496949053,0.480148566784172,0.492643302102087,103.865051031113,,,,44101,11899,108,169254.664972067
27,THIO_ECOLI/4-107,2TRX,A,0.001,15.0,10000,0.502180796684009,0.493990867117141,0.469582249750197,0.492636884036066,0.468661121367929,0.492472047430804,0.506681724962433,0.490397874766837,216.781498193741,,,,88021,23787,108,169254.664972067
28,THIO_ECOLI/4-107,2TRX,A,0.001,15.0,20000,0.501535196583545,0.50108129231146,0.533815072889577,0.50630619375336,0.522507427921042,0.51434486363472,0.487254289595256,0.496463816505809,578.647712945938,,,,175861,47374,108,169254.664972067
29,THIO_ECOLI/4-107,2TRX,A,0.001,20.0,1000,0.5018605250937,0.510085475417266,0.521459247348116,0.502338230641044,0.513731562543426,0.510828460670444,0.515151801539795,0.509688459268324,75.1320941448212,,,,8781,2388,108,169254.664972067
30,THIO_ECOLI/4-107,2TRX,A,0.001,20.0,5000,0.481637059805663,0.492633824305361,0.470319417148075,0.490348616551265,0.494397130738028,0.496262897421575,0.478749846424285,0.493984773412822,102.792891979218,,,,43801,11816,108,169254.664972067
31,THIO_ECOLI/4-107,2TRX,A,0.001,20.0,10000,0.506704211487131,0.502747078318854,0.540576631661141,0.511171780150133,0.523535756589178,0.50433662618285,0.52229790509837,0.498587373274404,215.84440112114,,,,87711,23688,108,169254.664972067
32,THIO_ECOLI/4-107,2TRX,A,0.001,20.0,20000,0.518609886446865,0.508114937012681,0.553014511742402,0.503307259060492,0.54855180354555,0.504858266918452,0.514757015295712,0.505531890148961,584.385390996933,,,,175971,47591,108,169254.664972067
33,THIO_ECOLI/4-107,2TRX,A,0.01,1.0,1000,0.526754055860422,0.507405349880355,0.521439395443326,0.500318422177396,0.533244661491937,0.510119751479785,0.533469625515821,0.502276846396977,32.0449390411377,,,,3851,1017,108,169254.664972067
34,THIO_ECOLI/4-107,2TRX,A,0.01,1.0,5000,0.489850340457129,0.497836353909059,0.468076151906775,0.489518449341954,0.467925277430369,0.495288293996916,0.469375498852585,0.499631961887375,45.7317068576813,,,,19271,5098,108,169254.664972067
35,THIO_ECOLI/4-107,2TRX,A,0.01,1.0,10000,0.548663161097453,0.510749723719619,0.573129785136217,0.526650084411392,0.56406937578994,0.51944248742632,0.517988334259799,0.495963167727484,80.214164018631,,,,38761,10300,108,169254.664972067
36,THIO_ECOLI/4-107,2TRX,A,0.01,1.0,20000,0.515680244215516,0.49191973382071,0.576446376696511,0.531949434935861,0.560259133530529,0.523738833014158,0.531270163524844,0.51311645526933,188.619253873825,,,,77791,20654,108,169254.664972067
37,THIO_ECOLI/4-107,2TRX,A,0.01,2.0,1000,0.498983980520745,0.498670930892438,0.488285390983265,0.500892266336526,0.484428827612676,0.500528129602373,0.480089713992616,0.492883663113963,65.2179019451141,,,,8891,2396,108,169254.664972067
38,THIO_ECOLI/4-107,2TRX,A,0.01,2.0,5000,0.517318686245937,0.506234485190728,0.526170766085006,0.509544920886993,0.53020070275743,0.524542034793082,0.508362251389914,0.500077756911422,89.0789921283722,,,,44381,12032,108,169254.664972067
39,THIO_ECOLI/4-107,2TRX,A,0.01,2.0,10000,0.571656132821685,0.517936138420363,0.575746266187574,0.523861948477046,0.614796286370344,0.54938762151222,0.555613740107791,0.514527325504668,192.911844015121,,,,88801,24060,108,169254.664972067
40,THIO_ECOLI/4-107,2TRX,A,0.01,2.0,20000,0.566165160687842,0.51760367125917,0.613513853320893,0.561857742867187,0.630176218741522,0.594155778310825,0.536414842588114,0.523912850405394,546.625404119492,,,,177731,48183,108,169254.664972067
41,THIO_ECOLI/4-107,2TRX,A,0.01,3.0,1000,0.449657098693376,0.500162688431865,0.472427689436801,0.492793580997462,0.477642123095044,0.500054661691595,0.488008206742554,0.500213956436007,74.3728530406952,,,,8981,2421,108,169254.664972067
42,THIO_ECOLI/4-107,2TRX,A,0.01,3.0,5000,0.5335261143555,0.506713396940276,0.543995129666025,0.51461252002096,0.563672337694135,0.526255820268634,0.529878316483679,0.501428673306988,93.6082789897919,,,,44951,12104,108,169254.664972067
43,THIO_ECOLI/4-107,2TRX,A,0.01,3.0,10000,0.599404294842026,0.513401031918029,0.620346878949702,0.53187997073191,0.653748370489482,0.55499344687132,0.570342832546195,0.51170062601532,197.405792951584,,,,89961,24191,108,169254.664972067
44,THIO_ECOLI/4-107,2TRX,A,0.01,3.0,20000,0.612792490136899,0.526903749261769,0.632068766998193,0.545922412236548,0.668468557891463,0.589730818056639,0.584781097686183,0.513660303342679,562.48403096199,,,,179921,48530,108,169254.664972067
45,THIO_ECOLI/4-107,2TRX,A,0.01,5.0,1000,0.528578761105207,0.50541407125882,0.5070136779624,0.49681349411563,0.530166292789126,0.523187032177094,0.511104705559913,0.493819783210697,66.2483270168304,,,,8981,2412,108,169254.664972067
46,THIO_ECOLI/4-107,2TRX,A,0.01,5.0,5000,0.532743134599193,0.508247865323108,0.569744373639317,0.507705000711659,0.609204666521086,0.530779934840183,0.539446405726849,0.51260000593202,93.4098131656647,,,,45021,12141,108,169254.664972067
47,THIO_ECOLI/4-107,2TRX,A,0.01,5.0,10000,0.581986577249086,0.526128754791652,0.598218622410154,0.547498940018664,0.641261522376405,0.570516878490363,0.549011487893079,0.522113564771257,198.904186964035,,,,89771,24189,108,169254.664972067
48,THIO_ECOLI/4-107,2TRX,A,0.01,5.0,20000,0.569536440585827,0.532530561096365,0.578454066000966,0.571526985532457,0.591950714337707,0.5958626557954,0.527032762532852,0.508960516382273,557.305159091949,,,,179851,48521,108,169254.664972067
49,THIO_ECOLI/4-107,2TRX,A,0.01,7.0,1000,0.53998380100009,0.501208233145202,0.510625401173909,0.508221079913234,0.510330269522694,0.512575831521593,0.509345135967132,0.510160966346487,71.7235760688782,,,,8931,2403,108,169254.664972067
50,THIO_ECOLI/4-107,2TRX,A,0.01,7.0,5000,0.543408178556468,0.509508718493713,0.566369549824972,0.511268301045695,0.601618591970566,0.532568935903535,0.533539217867879,0.498842457585108,94.4484081268311,,,,44981,12117,108,169254.664972067
51,THIO_ECOLI/4-107,2TRX,A,0.01,7.0,10000,0.502194281803601,0.505809716006322,0.525433598687128,0.508639197946927,0.571441049768725,0.523417799123822,0.510859413998029,0.4914630285789,197.332139015198,,,,89611,24143,108,169254.664972067
52,THIO_ECOLI/4-107,2TRX,A,0.01,7.0,20000,0.57869199396878,0.525537326643592,0.612421998557428,0.536289854082451,0.618932099868316,0.581651307991467,0.553882522954737,0.510691574549517,564.10177397728,,,,179461,48394,108,169254.664972067
53,THIO_ECOLI/4-107,2TRX,A,0.01,10.0,1000,0.536918464752847,0.50466140654607,0.49349585426055,0.49063615814507,0.520462681727645,0.502655462273079,0.505125347854365,0.493234448393086,72.7991330623627,,,,8911,2405,108,169254.664972067
54,THIO_ECOLI/4-107,2TRX,A,0.01,10.0,5000,0.549672016606925,0.507128970533502,0.544594657190691,0.516198368645027,0.56796564297011,0.527494258115428,0.515403536837981,0.505063498348481,98.0716259479523,,,,45021,12161,108,169254.664972067
55,THIO_ECOLI/4-107,2TRX,A,0.01,10.0,10000,0.518378953773853,0.50181648627462,0.571405316340103,0.523966758591904,0.59598197447045,0.555388255018319,0.509333107659369,0.499987149609261,204.388948917389,,,,89661,24159,108,169254.664972067
56,THIO_ECOLI/4-107,2TRX,A,0.01,10.0,20000,0.588969340737788,0.522269192815323,0.621833124888333,0.553519493402006,0.659103752671735,0.587429343032777,0.545238035914809,0.507513200157622,576.160564184189,,,,179221,48300,108,169254.664972067
57,THIO_ECOLI/4-107,2TRX,A,0.01,15.0,1000,0.496806133706646,0.506576652520848,0.477110092046665,0.497499856015478,0.475762809441566,0.503142148779169,0.479960839266582,0.492735029220534,68.9941980838776,,,,9001,2441,108,169254.664972067
58,THIO_ECOLI/4-107,2TRX,A,0.01,15.0,5000,0.575791007616564,0.501502211362496,0.594966880405508,0.510208537200626,0.589921849668142,0.526138201704639,0.556598772597109,0.516636343223633,99.8567469120026,,,,45111,12167,108,169254.664972067
59,THIO_ECOLI/4-107,2TRX,A,0.01,15.0,10000,0.559796812960548,0.513418579651915,0.588211938935541,0.514495378349747,0.635779749733654,0.551807266714649,0.554095166252692,0.507064810870384,215.952886104584,,,,89701,24195,108,169254.664972067
60,THIO_ECOLI/4-107,2TRX,A,0.01,15.0,20000,0.590150974342031,0.537338859048433,0.638653643817124,0.571807888837219,0.651629510518201,0.611350954413755,0.567250268703804,0.532102569798805,594.247663021088,,,,179891,48519,108,169254.664972067
61,THIO_ECOLI/4-107,2TRX,A,0.01,20.0,1000,0.524957163674796,0.504964987060567,0.51751533559645,0.511142650611702,0.556340367524931,0.512283575868073,0.535207286405177,0.49037460131804,75.5544347763062,,,,9001,2415,108,169254.664972067
62,THIO_ECOLI/4-107,2TRX,A,0.01,20.0,5000,0.52276667456108,0.511521900689326,0.56331632686823,0.525044013954537,0.613435769162051,0.528544119567033,0.527972259285639,0.497792797757574,104.244867086411,,,,44891,12097,108,169254.664972067
63,THIO_ECOLI/4-107,2TRX,A,0.01,20.0,10000,0.552508948641079,0.514737279263408,0.578352159556376,0.533428093448598,0.61290770849463,0.554635685095999,0.523164372839737,0.506028608973784,221.205559015274,,,,89621,24172,108,169254.664972067
64,THIO_ECOLI/4-107,2TRX,A,0.01,20.0,20000,0.585857649391947,0.528852219455874,0.651906113724945,0.562774218994069,0.659060740211357,0.590245592175326,0.558572703817527,0.517288970369274,608.767800092697,,,,179651,48535,108,169254.664972067
65,THIO_ECOLI/4-107,2TRX,A,0.1,1.0,1000,0.665427440364166,0.538841087209242,0.524182928685341,0.503368456990514,0.53191326041067,0.521679822737871,0.499599629184455,0.50017833389891,28.8665659427643,,,,2651,1001,108,169254.664972067
66,THIO_ECOLI/4-107,2TRX,A,0.1,1.0,5000,0.647800703417551,0.533462536255934,0.588867051793619,0.505755630076862,0.563759686075212,0.506051546131751,0.500939926335207,0.497862885967205,46.2960288524628,,,,12731,5000,108,169254.664972067
67,THIO_ECOLI/4-107,2TRX,A,0.1,1.0,10000,0.683414061439891,0.571684723373658,0.610820611571014,0.528887319307179,0.565106968680311,0.516579256325791,0.497752880437772,0.510551384922718,83.7500801086426,,,,24871,10000,108,169254.664972067
68,THIO_ECOLI/4-107,2TRX,A,0.1,1.0,20000,0.68198379594317,0.57877131310657,0.713829498607058,0.588639433134125,0.656556753287145,0.554853092644396,0.565974227300226,0.519534414527852,205.662149906158,,,,50211,19995,108,169254.664972067
69,THIO_ECOLI/4-107,2TRX,A,0.1,2.0,1000,0.645674268621897,0.538648997510342,0.525153025099425,0.515506241562855,0.583963631310424,0.531887427721968,0.512285685805423,0.499729504381784,59.1808478832245,,,,8381,2149,108,169254.664972067
70,THIO_ECOLI/4-107,2TRX,A,0.1,2.0,5000,0.617117842246014,0.541589871178808,0.636980128243305,0.553218026814914,0.649841515626758,0.57596016547216,0.484489497139411,0.504029382189443,82.1421139240265,,,,41861,10624,108,169254.664972067
71,THIO_ECOLI/4-107,2TRX,A,0.1,2.0,10000,0.637598367626273,0.550668508264858,0.707348513423196,0.582011501172874,0.707752168820598,0.598039348322891,0.527875173658693,0.501770095221556,176.420700073242,,,,82991,21122,108,169254.664972067
72,THIO_ECOLI/4-107,2TRX,A,0.1,2.0,20000,0.626607152338868,0.542022187772664,0.745877090240142,0.645266430808588,0.722913730239083,0.62501638583517,0.55976436545092,0.53815412480439,503.49422121048,,,,166441,42370,108,169254.664972067
73,THIO_ECOLI/4-107,2TRX,A,0.1,3.0,1000,0.605614192414115,0.519717025736614,0.549973861658693,0.497524444172847,0.592151880306249,0.517213393746112,0.484224015203781,0.490203549778702,74.4539759159088,,,,10381,2724,108,169254.664972067
74,THIO_ECOLI/4-107,2TRX,A,0.1,3.0,5000,0.597212962908336,0.546689520096886,0.674391704550718,0.566237201664517,0.69800223664794,0.589657326645425,0.465410882697365,0.494435647231265,106.441190004349,,,,52081,13723,108,169254.664972067
75,THIO_ECOLI/4-107,2TRX,A,0.1,3.0,10000,0.595956318326362,0.517013167054565,0.747137024464164,0.616697782190026,0.721092648839656,0.623608100476417,0.510580185424956,0.501283908199798,237.208172082901,,,,103461,27162,108,169254.664972067
76,THIO_ECOLI/4-107,2TRX,A,0.1,3.0,20000,0.61064077074201,0.551385853941937,0.786967886235351,0.666994723813165,0.747646556687114,0.643113430025401,0.522429357318925,0.521196213532985,701.676276922226,,,,207361,54513,108,169254.664972067
77,THIO_ECOLI/4-107,2TRX,A,0.1,5.0,1000,0.624248099230252,0.517732641704266,0.540162388581184,0.508269714029507,0.618307426597582,0.534915375567988,0.498530828123215,0.491850970865669,67.931725025177,,,,10461,2715,108,169254.664972067
78,THIO_ECOLI/4-107,2TRX,A,0.1,5.0,5000,0.567153788517926,0.503530527717417,0.658338130876991,0.547742117010336,0.680245369543208,0.596277140745443,0.486858214603912,0.49622275781486,104.482477903366,,,,52411,13799,108,169254.664972067
79,THIO_ECOLI/4-107,2TRX,A,0.1,5.0,10000,0.590617053787928,0.537643857473498,0.732368530760526,0.628030418579567,0.710600255427842,0.620383412532857,0.513953696170101,0.505455753110378,242.564174890518,,,,105001,27618,108,169254.664972067
80,THIO_ECOLI/4-107,2TRX,A,0.1,5.0,20000,0.573158880836212,0.557175054150239,0.763970116265989,0.66588696309803,0.755572098809548,0.641213466131137,0.551617764435903,0.528171090941736,718.930737018585,,,,209711,55187,108,169254.664972067
81,THIO_ECOLI/4-107,2TRX,A,0.1,7.0,1000,0.614645851260817,0.529690329631984,0.541612901091193,0.504346943527399,0.575447164155401,0.531031439222574,0.479063871173387,0.495023222202712,69.3193271160126,,,,10441,2749,108,169254.664972067
82,THIO_ECOLI/4-107,2TRX,A,0.1,7.0,5000,0.570106186888587,0.520363565095868,0.660100980022366,0.549481819853881,0.691886526512219,0.590284150905126,0.505051459678105,0.512063274018945,108.166574954987,,,,52491,13837,108,169254.664972067
83,THIO_ECOLI/4-107,2TRX,A,0.1,7.0,10000,0.571451327567883,0.524092426895084,0.737932357943078,0.624102587380376,0.714083602988373,0.619411125792495,0.494830834738784,0.50861861504561,242.205158948898,,,,104751,27539,108,169254.664972067
84,THIO_ECOLI/4-107,2TRX,A,0.1,7.0,20000,0.60525346546503,0.559467892809219,0.768457970208908,0.659981381443273,0.745015517572244,0.636960150127622,0.557090214885718,0.535485159082579,708.752287149429,,,,209621,55252,108,169254.664972067
85,THIO_ECOLI/4-107,2TRX,A,0.1,10.0,1000,0.603307394143918,0.524827267750242,0.551949126185324,0.501354146829674,0.592898311926363,0.51399424961559,0.483064142669477,0.488597564747882,72.9931778907776,,,,10481,2762,108,169254.664972067
86,THIO_ECOLI/4-107,2TRX,A,0.1,10.0,5000,0.591298052327321,0.546759784225534,0.675441208583964,0.56841238795756,0.699700236237667,0.589595534483916,0.47465291888367,0.496246702485494,108.897212028503,,,,52561,13898,108,169254.664972067
87,THIO_ECOLI/4-107,2TRX,A,0.1,10.0,10000,0.578069992827602,0.529732723482103,0.725986805100616,0.619627662905565,0.722803883032577,0.621842973492915,0.510677700634322,0.50673906555057,246.117866039276,,,,104791,27663,108,169254.664972067
88,THIO_ECOLI/4-107,2TRX,A,0.1,10.0,20000,0.619125439425264,0.54225831846038,0.791022968653842,0.669376924163075,0.751094170819023,0.633940504552311,0.563058833030764,0.535988093388157,734.40097117424,,,,210151,55420,108,169254.664972067
89,THIO_ECOLI/4-107,2TRX,A,0.1,15.0,1000,0.627921951499082,0.533824135180683,0.561679206453192,0.506751457604819,0.598231857013347,0.533760573302065,0.526159421472763,0.491891706739049,68.5760660171509,,,,10461,2745,108,169254.664972067
90,THIO_ECOLI/4-107,2TRX,A,0.1,15.0,5000,0.603160743468356,0.514404505917316,0.666388739999603,0.562747801221124,0.683637398341704,0.597335369695199,0.495063668410485,0.49804205359049,113.158843040466,,,,52351,13806,108,169254.664972067
91,THIO_ECOLI/4-107,2TRX,A,0.1,15.0,10000,0.594045645444179,0.532182512343773,0.73105698158405,0.62110883784812,0.725252946353536,0.622042905289086,0.518969070924917,0.521653887883857,252.660935878754,,,,104951,27696,108,169254.664972067
92,THIO_ECOLI/4-107,2TRX,A,0.1,15.0,20000,0.58925084260927,0.541982595894609,0.771202826911242,0.660593714411301,0.7467360159874,0.644680596692,0.527159059764365,0.522354588418216,747.990427970886,,,,209621,55184,108,169254.664972067
93,THIO_ECOLI/4-107,2TRX,A,0.1,20.0,1000,0.615888167903224,0.524719813771981,0.550439057960945,0.497577474912858,0.606577597787174,0.535310578182602,0.482655180205529,0.501151883023523,76.8745610713959,,,,10441,2751,108,169254.664972067
94,THIO_ECOLI/4-107,2TRX,A,0.1,20.0,5000,0.581266808990866,0.523417060465617,0.686387548885315,0.567503654448624,0.682939934753406,0.601510907213177,0.4930648214097,0.499263837928561,116.572311878204,,,,52561,13876,108,169254.664972067
95,THIO_ECOLI/4-107,2TRX,A,0.1,20.0,10000,0.601449818920128,0.540081416798976,0.717069329468829,0.61990572993519,0.718595279217041,0.60685664398996,0.521952950415019,0.503349209945236,259.527406930923,,,,104821,27586,108,169254.664972067
96,THIO_ECOLI/4-107,2TRX,A,0.1,20.0,20000,0.575598001842404,0.541735276909064,0.753559777393974,0.643295282972595,0.724107491447138,0.627064829416478,0.550192409965969,0.521393312240603,754.378338813782,,,,209491,55167,108,169254.664972067
97,THIO_ECOLI/4-107,2TRX,A,0.5,1.0,1000,0.684122873038442,0.507199332574612,0.530008801011124,0.50844482076465,0.518002368993972,0.5237489499702,0.518138815562803,0.504746351739867,31.3815939426422,,,,1001,804,108,169254.664972067
98,THIO_ECOLI/4-107,2TRX,A,0.5,1.0,5000,0.71748084480903,0.528703609652792,0.57818010971486,0.514076892185492,0.567195389064247,0.515925312132723,0.518544761911326,0.500739968233918,42.0379750728607,,,,4411,3743,108,169254.664972067
99,THIO_ECOLI/4-107,2TRX,A,0.5,1.0,10000,0.72149603916753,0.54323603354723,0.636315751162991,0.54062922763156,0.5910269390348,0.536051506538425,0.56202581241113,0.535140952565896,70.6780638694763,,,,8901,7465,108,169254.664972067
100,THIO_ECOLI/4-107,2TRX,A,0.5,1.0,20000,0.754156998819209,0.576531486414265,0.67559075960005,0.55476750940977,0.648500850323255,0.548574599280357,0.601858124624604,0.555548206973073,155.101019144058,,,,17461,14814,108,169254.664972067
101,THIO_ECOLI/4-107,2TRX,A,0.5,2.0,1000,0.698242636071178,0.516473706695462,0.563588959694016,0.505198597248275,0.596627823106294,0.53131066479274,0.527286032475061,0.505996217465992,43.1112740039825,,,,5411,1591,108,169254.664972067
102,THIO_ECOLI/4-107,2TRX,A,0.5,2.0,5000,0.733278662410988,0.552787935647961,0.675540468107915,0.564778392878949,0.663264050185615,0.552264837249652,0.578916997873458,0.526211222448306,68.7077379226685,,,,27261,7959,108,169254.664972067
103,THIO_ECOLI/4-107,2TRX,A,0.5,2.0,10000,0.755134669989625,0.584683326975501,0.743043561696411,0.593111205349161,0.702123492082399,0.562589287912113,0.604510059060192,0.562999433990525,150.470607995987,,,,54761,16029,108,169254.664972067
104,THIO_ECOLI/4-107,2TRX,A,0.5,2.0,20000,0.788993276825063,0.607885200511093,0.772018078467962,0.634206628563366,0.734221375207618,0.567139310162437,0.632177281925658,0.590648415904699,428.984050989151,,,,109461,32073,108,169254.664972067
105,THIO_ECOLI/4-107,2TRX,A,0.5,3.0,1000,0.720230123565837,0.528268864502413,0.577409855808998,0.52008136511019,0.601177879684222,0.531580800144135,0.538703545913351,0.499149984501945,59.8065619468689,,,,10041,2514,108,169254.664972067
106,THIO_ECOLI/4-107,2TRX,A,0.5,3.0,5000,0.758486565028196,0.574360048402813,0.762981491407434,0.611291195002275,0.727437317610625,0.589753458118413,0.587186077880495,0.554351570086133,100.959233999252,,,,49671,12397,108,169254.664972067
107,THIO_ECOLI/4-107,2TRX,A,0.5,3.0,10000,0.757143109988849,0.590713813642259,0.797682620980816,0.63888566728934,0.756084939683296,0.603542918909363,0.618719607858442,0.562891318204604,233.10037112236,,,,99311,24856,108,169254.664972067
108,THIO_ECOLI/4-107,2TRX,A,0.5,3.0,20000,0.769935431561754,0.609211294335241,0.829399347534062,0.677512527868253,0.783053090610711,0.602741641105488,0.67434370330689,0.620857684493443,695.590325117111,,,,197551,49266,108,169254.664972067
109,THIO_ECOLI/4-107,2TRX,A,0.5,5.0,1000,0.694379149308087,0.534241592421855,0.604072287402643,0.533633929866664,0.614497184338171,0.555858418308408,0.531616395121884,0.510693311304169,71.6316261291504,,,,14991,3650,108,169254.664972067
110,THIO_ECOLI/4-107,2TRX,A,0.5,5.0,5000,0.716811645749279,0.557017665786845,0.792132028401458,0.636052425956339,0.748932960117523,0.58983197603164,0.575372320473458,0.547273799393556,146.092957019806,,,,74531,18065,108,169254.664972067
111,THIO_ECOLI/4-107,2TRX,A,0.5,5.0,10000,0.738975282618608,0.592032818620402,0.8265089101966,0.67697465003917,0.787007590044931,0.62443680707527,0.634817470989591,0.596239892989454,367.665637016296,,,,149451,36203,108,169254.664972067
112,THIO_ECOLI/4-107,2TRX,A,0.5,5.0,20000,0.757755840110308,0.612206843580722,0.864120329012235,0.717926265255924,0.823971836764404,0.65040691885111,0.706762585689942,0.634684386803759,1183.47085309029,,,,298631,72386,108,169254.664972067
113,THIO_ECOLI/4-107,2TRX,A,0.5,7.0,1000,0.681117377009388,0.532237860851066,0.594396469007868,0.515752442238864,0.624907523210185,0.551977650514249,0.487870576680133,0.51071882317788,70.0691540241242,,,,15881,3917,108,169254.664972067
114,THIO_ECOLI/4-107,2TRX,A,0.5,7.0,5000,0.712739139632514,0.570128150647015,0.797435133901098,0.627203396961831,0.761288785658984,0.604039800218643,0.585778079103063,0.549634265650896,155.964391946793,,,,79251,19489,108,169254.664972067
115,THIO_ECOLI/4-107,2TRX,A,0.5,7.0,10000,0.724609416153319,0.56232130215027,0.823584062890834,0.687411832675503,0.789950965795168,0.626317464527897,0.632466952475314,0.586127608655473,405.431890964508,,,,158001,38887,108,169254.664972067
116,THIO_ECOLI/4-107,2TRX,A,0.5,7.0,20000,0.726374281179914,0.603404641825227,0.863040385391645,0.729864285638262,0.821359326094005,0.671845745623278,0.712174939871262,0.645707055370908,1296.3800470829,,,,314611,77550,108,169254.664972067
117,THIO_ECOLI/4-107,2TRX,A,0.5,10.0,1000,0.680312483933744,0.545390147326061,0.627841634738186,0.538515188969196,0.621421528729015,0.542970486990727,0.519969192110427,0.50500313059539,70.4232439994812,,,,15981,3950,108,169254.664972067
118,THIO_ECOLI/4-107,2TRX,A,0.5,10.0,5000,0.705361936395748,0.56810283091919,0.783766435722841,0.628622192130145,0.742784163473819,0.592417297236039,0.576858398341498,0.548924115045856,159.775094985962,,,,79591,19756,108,169254.664972067
119,THIO_ECOLI/4-107,2TRX,A,0.5,10.0,10000,0.690271244752392,0.558090701892233,0.816102541705543,0.685496742052473,0.780366466162428,0.619119523843574,0.614406465420592,0.574500064109616,417.22820186615,,,,159391,39475,108,169254.664972067
120,THIO_ECOLI/4-107,2TRX,A,0.5,10.0,20000,0.736040583467412,0.602567531066511,0.858180639098988,0.727972944309168,0.817989796120938,0.666320177308819,0.68345673249396,0.630669781744716,1325.41638684273,,,,317921,78820,108,169254.664972067
121,THIO_ECOLI/4-107,2TRX,A,0.5,15.0,1000,0.700575561760584,0.541300677177898,0.628475572231155,0.534232710279036,0.655977077667269,0.546657120755314,0.522516335752998,0.512977673468522,72.0396609306335,,,,15971,3945,108,169254.664972067
122,THIO_ECOLI/4-107,2TRX,A,0.5,15.0,5000,0.697415829676197,0.55421322617854,0.769334100940319,0.620159911163655,0.748738411450579,0.594270135230434,0.572600094608113,0.550904817970131,160.682873010635,,,,79901,19842,108,169254.664972067
123,THIO_ECOLI/4-107,2TRX,A,0.5,15.0,10000,0.702358968826618,0.586111608212234,0.818644908979016,0.688563221499445,0.7802619127972,0.632638927280793,0.608396913660072,0.581790184129033,420.824568033218,,,,159141,39568,108,169254.664972067
124,THIO_ECOLI/4-107,2TRX,A,0.5,15.0,20000,0.697028132487929,0.585372752736411,0.852218450360312,0.728433987096101,0.809031293219251,0.670188500524405,0.681492510677162,0.613442032484356,1359.84854912758,,,,319521,79496,108,169254.664972067
125,THIO_ECOLI/4-107,2TRX,A,0.5,20.0,1000,0.691555702393524,0.545063023527112,0.588788967634778,0.534419126874339,0.60693360861308,0.535171855016575,0.497924194333309,0.508561079116424,70.0852401256561,,,,15691,3894,108,169254.664972067
126,THIO_ECOLI/4-107,2TRX,A,0.5,20.0,5000,0.701159636002909,0.553354283263874,0.793655331229031,0.638170985981671,0.750531700183299,0.59904863817067,0.570426529727751,0.546564458852295,163.431781053543,,,,80481,19993,108,169254.664972067
127,THIO_ECOLI/4-107,2TRX,A,0.5,20.0,10000,0.706930424368285,0.569702646010279,0.844280335364845,0.69986188074074,0.793695035038612,0.635940583084977,0.617067807259195,0.573597575154387,435.689152002335,,,,159741,39729,108,169254.664972067
128,THIO_ECOLI/4-107,2TRX,A,0.5,20.0,20000,0.700864649011836,0.589984213847938,0.850118118833502,0.716269537467009,0.820579807965908,0.666470985106801,0.698990054964884,0.638256993135131,1375.70903015137,,,,319791,79499,108,169254.664972067
129,THIO_ECOLI/4-107,2TRX,A,1,1.0,1000,0.645622856603452,0.492896915615451,0.511026409650673,0.50600535129562,0.512885871399361,0.51266173788738,0.529012060477639,0.494500156237179,38.3476550579071,,,,291,284,108,169254.664972067
130,THIO_ECOLI/4-107,2TRX,A,1,1.0,5000,0.683627294893438,0.495622254072302,0.561230553404932,0.508529578720543,0.54973497707105,0.514879532045327,0.529196430795952,0.50321088027953,31.1150560379028,,,,1131,1118,108,169254.664972067
131,THIO_ECOLI/4-107,2TRX,A,1,1.0,10000,0.696889910012111,0.503033587195769,0.558234239241922,0.5261433085575,0.559134192259081,0.531185440780372,0.559691669152784,0.515754792601104,34.4659340381622,,,,2181,2144,108,169254.664972067
132,THIO_ECOLI/4-107,2TRX,A,1,1.0,20000,0.724932216203551,0.505316134868198,0.608317948107121,0.529016569680567,0.617692679279244,0.540029834929231,0.59174863903237,0.539848007753776,47.6013641357422,,,,4241,4152,108,169254.664972067
133,THIO_ECOLI/4-107,2TRX,A,1,2.0,1000,0.690522405104792,0.499691121339894,0.543085912426631,0.514288573762194,0.547248195130989,0.523279631257882,0.527114889705882,0.514410398834456,31.0944671630859,,,,3891,1051,108,169254.664972067
134,THIO_ECOLI/4-107,2TRX,A,1,2.0,5000,0.726524303135375,0.511915084618936,0.58949834236595,0.54108262426253,0.593493869070071,0.553267683630796,0.558858056661033,0.528254827866883,56.2537531852722,,,,18961,5212,108,169254.664972067
135,THIO_ECOLI/4-107,2TRX,A,1,2.0,10000,0.759444008519224,0.529227348342945,0.61335636154289,0.552714950777443,0.63254521271316,0.548857954894278,0.604057521577452,0.556297011891546,118.272060871124,,,,38161,10406,108,169254.664972067
136,THIO_ECOLI/4-107,2TRX,A,1,2.0,20000,0.795968454933995,0.571648736464363,0.651096156009502,0.555655718168054,0.70091649627115,0.560199619490229,0.671681976560025,0.599820040033923,331.307971000671,,,,76831,20892,108,169254.664972067
137,THIO_ECOLI/4-107,2TRX,A,1,3.0,1000,0.709756399742771,0.504646742097299,0.514892237243497,0.499638321161066,0.546223836843812,0.511486910501942,0.521954846988514,0.50266426438833,44.8945481777191,,,,7821,1997,108,169254.664972067
138,THIO_ECOLI/4-107,2TRX,A,1,3.0,5000,0.759170934847487,0.544570802397351,0.629641540772504,0.553006596265937,0.641021976058603,0.549285778989311,0.594275444570564,0.559933095796383,86.1415059566498,,,,38571,9956,108,169254.664972067
139,THIO_ECOLI/4-107,2TRX,A,1,3.0,10000,0.797386078131097,0.595636420546321,0.708049947392452,0.574790900719553,0.715850422514707,0.569405439795295,0.692597775787431,0.603262505571066,199.485476016998,,,,77091,19884,108,169254.664972067
140,THIO_ECOLI/4-107,2TRX,A,1,3.0,20000,0.823585979858288,0.624626096476051,0.684962182121375,0.583492684366463,0.718878499725382,0.573305134672326,0.717170637888663,0.642190652191463,614.753717899323,,,,154211,39747,108,169254.664972067
141,THIO_ECOLI/4-107,2TRX,A,1,5.0,1000,0.715797733319961,0.531135988787265,0.618733580820413,0.540376785526965,0.585230182836043,0.539317925296148,0.495380265018249,0.506041938166464,58.2600228786469,,,,15151,3442,108,169254.664972067
142,THIO_ECOLI/4-107,2TRX,A,1,5.0,5000,0.784455534082376,0.601908306100994,0.754602664125623,0.584970009334964,0.727970672119323,0.580213360142814,0.661934166584003,0.606836067286213,140.400730133057,,,,75651,17171,108,169254.664972067
143,THIO_ECOLI/4-107,2TRX,A,1,5.0,10000,0.796518816377341,0.625818899287245,0.750941972882298,0.602671819142748,0.748247407672099,0.593655892797819,0.690209909228442,0.639027900412925,367.426772117615,,,,150851,34235,108,169254.664972067
144,THIO_ECOLI/4-107,2TRX,A,1,5.0,20000,0.810034277488363,0.665571671781575,0.782746047816621,0.633012586251745,0.778278045778492,0.60322757140542,0.756746099153098,0.680218086460833,1203.6647670269,,,,302301,68478,108,169254.664972067
145,THIO_ECOLI/4-107,2TRX,A,1,7.0,1000,0.724793993727734,0.537139687910789,0.629636246931226,0.546653266141832,0.637573038466374,0.555391479795149,0.532671345085564,0.528924681049804,67.5202379226685,,,,20371,4626,108,169254.664972067
146,THIO_ECOLI/4-107,2TRX,A,1,7.0,5000,0.743861952830737,0.581600952843687,0.700822530588477,0.595296500443213,0.704661888974914,0.578043496545282,0.633825790881365,0.594072107026565,199.34269285202,,,,101111,22845,108,169254.664972067
147,THIO_ECOLI/4-107,2TRX,A,1,7.0,10000,0.788820498730292,0.61020275698925,0.770558301735718,0.613669626388215,0.759720485180553,0.595464778569814,0.692638194535653,0.662207001973155,558.479850053787,,,,201721,45654,108,169254.664972067
148,THIO_ECOLI/4-107,2TRX,A,1,7.0,20000,0.790006346434408,0.658212244674536,0.797833495457223,0.648762817197885,0.796424010217114,0.60667337498895,0.74498472570761,0.679175373837555,1874.20623421669,,,,404081,91437,108,169254.664972067
149,THIO_ECOLI/4-107,2TRX,A,1,10.0,1000,0.714809948309851,0.534316871136403,0.632567711538589,0.549226745550313,0.613688550083047,0.563643760581583,0.541012964104918,0.535236650504948,68.2465679645538,,,,23331,5408,108,169254.664972067
150,THIO_ECOLI/4-107,2TRX,A,1,10.0,5000,0.736390353756828,0.591039340693916,0.741465996995745,0.597957164709585,0.732692778538767,0.587870647509238,0.628488267197861,0.574640820553574,238.883480072021,,,,117661,27239,108,169254.664972067
151,THIO_ECOLI/4-107,2TRX,A,1,10.0,10000,0.753324292684407,0.604077083136831,0.781304799528848,0.640041959899243,0.774809256281474,0.604636006227641,0.700472472369378,0.631070256576675,705.11537194252,,,,236221,54665,108,169254.664972067
152,THIO_ECOLI/4-107,2TRX,A,1,10.0,20000,0.776203483712082,0.639337762868187,0.828532481024888,0.683889521293612,0.81056253680874,0.626587935629702,0.766746707752603,0.699187853435212,2414.74394798279,,,,472101,108995,108,169254.664972067
153,THIO_ECOLI/4-107,2TRX,A,1,15.0,1000,0.702741609095039,0.562628604567812,0.61095031068231,0.550837620045723,0.625583811433374,0.552697663533917,0.545256338490172,0.520914934809779,65.4206299781799,,,,25341,6013,108,169254.664972067
154,THIO_ECOLI/4-107,2TRX,A,1,15.0,5000,0.745061285654445,0.583410844815325,0.780885262607614,0.625672173120781,0.750350386119548,0.598541019517433,0.659180913744808,0.599456458258997,271.399838209152,,,,127031,30152,108,169254.664972067
155,THIO_ECOLI/4-107,2TRX,A,1,15.0,10000,0.740234455660505,0.600166879054509,0.775103064472369,0.63499673454723,0.766325875634434,0.609450854263274,0.708434240444653,0.647099126648017,821.442728042603,,,,253671,60307,108,169254.664972067
156,THIO_ECOLI/4-107,2TRX,A,1,15.0,20000,0.740060834745759,0.607279862190774,0.819481335900846,0.67371529419401,0.79702221428146,0.641784187823565,0.747535648563633,0.678612631041375,2821.99912118912,,,,506051,120250,108,169254.664972067
157,THIO_ECOLI/4-107,2TRX,A,1,20.0,1000,0.717277725195176,0.550970367274412,0.639065901706602,0.542576499094725,0.641307843487583,0.537427601676275,0.535560552750191,0.528267143701424,63.7226672172546,,,,26001,6255,108,169254.664972067
158,THIO_ECOLI/4-107,2TRX,A,1,20.0,5000,0.710911063107831,0.574103520829457,0.739337872802229,0.615649203339877,0.722758885381719,0.585818243511534,0.643899923134935,0.576104768368506,281.20371389389,,,,129591,31122,108,169254.664972067
159,THIO_ECOLI/4-107,2TRX,A,1,20.0,10000,0.722579062834758,0.569871401299147,0.769166021479761,0.638027927266375,0.770643003196157,0.611866953595979,0.708697322081689,0.634532454936709,855.446237802506,,,,258161,62091,108,169254.664972067
160,THIO_ECOLI/4-107,2TRX,A,1,20.0,20000,0.750347452534486,0.596533718202935,0.824114770478894,0.696465732521641,0.806679504231764,0.645914992848265,0.792890286132359,0.698722626852265,3044.00707578659,,,,517881,124581,108,169254.664972067
161,THIO_ECOLI/4-107,2TRX,A,2,1.0,1000,0.584025358767393,0.497961382680509,0.535163017224836,0.522107282776097,0.557960944685976,0.517841534085172,0.5,0.5,18.9076850414276,,,,21,21,108,169254.664972067
162,THIO_ECOLI/4-107,2TRX,A,2,1.0,5000,0.589416035324271,0.49704179693518,0.518625057074226,0.50440570432104,0.522249353158769,0.50770507274528,0.5,0.5,19.0804550647736,,,,31,30,108,169254.664972067
163,THIO_ECOLI/4-107,2TRX,A,2,1.0,10000,0.593871181709458,0.488820472420903,0.496432612709189,0.509486794034787,0.508229937995884,0.50077014833425,0.5,0.5,19.9315190315247,,,,51,51,108,169254.664972067
164,THIO_ECOLI/4-107,2TRX,A,2,1.0,20000,0.622498404963198,0.489268167572054,0.49953149504695,0.497233246234793,0.506958754359147,0.500935780993428,0.521496226915198,0.495451435954484,76.6023609638214,,,,111,111,108,169254.664972067
165,THIO_ECOLI/4-107,2TRX,A,2,2.0,1000,0.679260644605573,0.492262417511146,0.568289229018191,0.508450978104481,0.590127647747801,0.511691130295639,0.570107865664427,0.507093379990938,35.0547568798065,,,,2201,974,108,169254.664972067
166,THIO_ECOLI/4-107,2TRX,A,2,2.0,5000,0.727389879249182,0.506984923375557,0.600324247778241,0.525427685346045,0.644703842667037,0.551854789951327,0.644547239552268,0.562098412990622,60.2414879798889,,,,10671,4859,108,169254.664972067
167,THIO_ECOLI/4-107,2TRX,A,2,2.0,10000,0.763319294761958,0.534959011209935,0.600536001429337,0.542699938130065,0.682184238911057,0.558386276188319,0.676885699910707,0.596277462186701,135.154263019562,,,,20491,9620,108,169254.664972067
168,THIO_ECOLI/4-107,2TRX,A,2,2.0,20000,0.797638924123446,0.556543690001867,0.596224167708892,0.5485675910651,0.744194972174247,0.583165957669283,0.684727675680052,0.651803671257158,398.076200008392,,,,41101,19196,108,169254.664972067
169,THIO_ECOLI/4-107,2TRX,A,2,3.0,1000,0.694849442853856,0.494530488969598,0.595177310596285,0.512975062653028,0.60416095924404,0.52790121903127,0.557356156206019,0.519209900949226,37.3753430843353,,,,5301,1328,108,169254.664972067
170,THIO_ECOLI/4-107,2TRX,A,2,3.0,5000,0.751820701849906,0.519642175047389,0.552645266313303,0.535245401653251,0.624319906828394,0.53928978579695,0.60241745308117,0.556064405091947,73.7577829360962,,,,26251,6569,108,169254.664972067
171,THIO_ECOLI/4-107,2TRX,A,2,3.0,10000,0.787306794056096,0.550391784808495,0.559506084608818,0.53678759378454,0.670181777274863,0.563073659207085,0.63595447904551,0.605623070878095,179.027535915375,,,,52521,13005,108,169254.664972067
172,THIO_ECOLI/4-107,2TRX,A,2,3.0,20000,0.821487358121792,0.575415309882142,0.61531375935521,0.551244656511967,0.736594339560214,0.563602009906898,0.765261494233298,0.672052389693921,554.74426817894,,,,105161,26022,108,169254.664972067
173,THIO_ECOLI/4-107,2TRX,A,2,5.0,1000,0.724987842321868,0.514077709635595,0.548303654735672,0.505273930660793,0.585654351868395,0.528933678709197,0.545902978444267,0.542685735343697,57.1869029998779,,,,11701,2636,108,169254.664972067
174,THIO_ECOLI/4-107,2TRX,A,2,5.0,5000,0.790161425309715,0.569749397900313,0.611430726778234,0.552002736503444,0.696133510677016,0.564493368245343,0.669779891861076,0.614113024922314,125.063595056534,,,,57891,12940,108,169254.664972067
175,THIO_ECOLI/4-107,2TRX,A,2,5.0,10000,0.822234939439171,0.622450000726648,0.631040438330058,0.568435174718403,0.736892118132068,0.587045829380637,0.778415224129682,0.675509388585152,318.460891008377,,,,116011,25831,108,169254.664972067
176,THIO_ECOLI/4-107,2TRX,A,2,5.0,20000,0.847163025824847,0.690066766231812,0.674763596900456,0.595773345383023,0.764353919758601,0.603656056038101,0.848232127063162,0.768913040098733,1036.15442705154,,,,232141,51734,108,169254.664972067
177,THIO_ECOLI/4-107,2TRX,A,2,7.0,1000,0.729545812743944,0.51999319321438,0.549668804055082,0.537789927699973,0.609778386569525,0.54339668509189,0.595148822917215,0.561876484987367,61.3564560413361,,,,17961,3759,108,169254.664972067
178,THIO_ECOLI/4-107,2TRX,A,2,7.0,5000,0.79692926970492,0.600519018447586,0.610078150331858,0.552741963934528,0.720372686425929,0.571497787926785,0.693456422870578,0.639795133515606,171.063044071198,,,,89621,18795,108,169254.664972067
179,THIO_ECOLI/4-107,2TRX,A,2,7.0,10000,0.810384047777779,0.651945276854733,0.653082669948848,0.573425154787626,0.754116954188421,0.59606930274994,0.776846841715555,0.704556883183156,484.302634954453,,,,178581,37568,108,169254.664972067
180,THIO_ECOLI/4-107,2TRX,A,2,7.0,20000,0.835247237025419,0.715136912396935,0.704218529767931,0.612717631895429,0.789646569921717,0.61979896754366,0.860268164210983,0.794613961401889,1636.2188398838,,,,358291,75096,108,169254.664972067
181,THIO_ECOLI/4-107,2TRX,A,2,10.0,1000,0.751617582236052,0.544447091837272,0.615610214466745,0.555035904920953,0.643713894348163,0.562685455904246,0.57743307739123,0.565717275697509,62.9207031726837,,,,26631,5380,108,169254.664972067
182,THIO_ECOLI/4-107,2TRX,A,2,10.0,5000,0.78908261574236,0.615755666071744,0.628067946452795,0.56981585003983,0.741357473249558,0.583271033050947,0.723494239156925,0.657873935162594,253.671509981155,,,,132671,26747,108,169254.664972067
183,THIO_ECOLI/4-107,2TRX,A,2,10.0,10000,0.81105156119758,0.660807995413133,0.665382910156896,0.59946739051168,0.771437079387767,0.606944558302075,0.817038787776991,0.745660487887965,771.881541967392,,,,266001,53600,108,169254.664972067
184,THIO_ECOLI/4-107,2TRX,A,2,10.0,20000,0.816158207423053,0.701060459398134,0.702055995606112,0.61928217135534,0.802449725051119,0.619771618160544,0.855327615367353,0.796738619410263,2722.15054011345,,,,533691,107497,108,169254.664972067
185,THIO_ECOLI/4-107,2TRX,A,2,15.0,1000,0.751878856428146,0.561845958935413,0.590758276589972,0.547904234033226,0.64123240624938,0.55109251124315,0.58501055104316,0.559835071689859,70.8398070335388,,,,37541,7626,108,169254.664972067
186,THIO_ECOLI/4-107,2TRX,A,2,15.0,5000,0.787295837396428,0.61498203960239,0.644730311873424,0.580414953148218,0.748268583037209,0.584426944570807,0.739851301038327,0.661369834505817,400.20863699913,,,,188401,38283,108,169254.664972067
187,THIO_ECOLI/4-107,2TRX,A,2,15.0,10000,0.804681527830337,0.66198987599651,0.686059330726117,0.61394719245507,0.784097300802679,0.608474303182604,0.832342032729661,0.752444012716584,1319.23994207382,,,,377121,76535,108,169254.664972067
188,THIO_ECOLI/4-107,2TRX,A,2,15.0,20000,0.810157329204639,0.681502981226033,0.709300617394239,0.624884804015631,0.798982259014419,0.619337663308147,0.858040044118002,0.784521230077482,4714.63172578812,,,,753791,153001,108,169254.664972067
189,THIO_ECOLI/4-107,2TRX,A,2,20.0,1000,0.750500845769844,0.566268230104471,0.603075721782172,0.561763976430833,0.657180103097559,0.559526237301564,0.592237223782247,0.567624402282502,72.9982740879059,,,,45391,9397,108,169254.664972067
190,THIO_ECOLI/4-107,2TRX,A,2,20.0,5000,0.775171872063299,0.604114596672935,0.649149345879737,0.577199560188594,0.755597906285775,0.589632766198516,0.749583011473991,0.68017942883679,528.147732973099,,,,224941,46822,108,169254.664972067
191,THIO_ECOLI/4-107,2TRX,A,2,20.0,10000,0.796901456645762,0.639594102420467,0.691006425399851,0.602495328999972,0.78839722338025,0.604429516866409,0.8404261938569,0.7541591800901,1813.71865105629,,,,450731,93697,108,169254.664972067
192,THIO_ECOLI/4-107,2TRX,A,2,20.0,20000,0.801164440076764,0.658392705837213,0.716207756800932,0.616811619437966,0.812136131128449,0.626369097835334,0.887963649851632,0.823891912939587,6601.03867197037,,,,900731,187378,108,169254.664972067
193,THIO_ECOLI/4-107,2TRX,A,3,1.0,1000,0.5,0.5,0.496705245534976,0.503062960185471,0.487250445013532,0.5,0.5,0.5,18.3893280029297,,,,1,1,108,169254.664972067
194,THIO_ECOLI/4-107,2TRX,A,3,1.0,5000,0.5,0.5,0.496705245534976,0.503062960185471,0.487250445013532,0.5,0.5,0.5,19.0006470680237,,,,1,1,108,169254.664972067
195,THIO_ECOLI/4-107,2TRX,A,3,1.0,10000,0.5,0.5,0.496705245534976,0.503062960185471,0.487250445013532,0.5,0.5,0.5,19.3486850261688,,,,1,1,108,169254.664972067
196,THIO_ECOLI/4-107,2TRX,A,3,1.0,20000,0.5,0.5,0.496705245534976,0.503062960185471,0.487250445013532,0.5,0.5,0.5,19.7694540023804,,,,1,1,108,169254.664972067
197,THIO_ECOLI/4-107,2TRX,A,3,2.0,1000,0.677252204606348,0.49429037262539,0.551751930597741,0.493061519394645,0.546284716018502,0.506700067973179,0.574778709617767,0.513184932326583,33.5089070796967,,,,1001,693,108,169254.664972067
198,THIO_ECOLI/4-107,2TRX,A,3,2.0,5000,0.737065452556399,0.503174295083168,0.616641851785679,0.525414357843182,0.666221322269205,0.552021896741801,0.657352473942175,0.577428011607898,49.9849669933319,,,,5001,3482,108,169254.664972067
199,THIO_ECOLI/4-107,2TRX,A,3,2.0,10000,0.763846900065993,0.521170317087698,0.605592281579417,0.540226857329034,0.680985845591884,0.5620172967753,0.67520775809096,0.600004137487688,96.7600889205933,,,,9991,6740,108,169254.664972067
200,THIO_ECOLI/4-107,2TRX,A,3,2.0,20000,0.793011842463462,0.549195340309297,0.614230507083821,0.554625596049378,0.748966708355667,0.576188210640742,0.712588329389259,0.639164104991534,264.724364995956,,,,19711,13147,108,169254.664972067
201,THIO_ECOLI/4-107,2TRX,A,3,3.0,1000,0.680046995641778,0.488254960031271,0.548807893117345,0.501293492451558,0.581337886036832,0.513557306390307,0.573010233325803,0.515988604939443,36.1115441322327,,,,3831,1026,108,169254.664972067
202,THIO_ECOLI/4-107,2TRX,A,3,3.0,5000,0.750696380003928,0.512611686887438,0.571599203276888,0.526680874447057,0.689065570841522,0.555049250522155,0.663825975182398,0.57494019768114,76.2060639858246,,,,18451,5070,108,169254.664972067
203,THIO_ECOLI/4-107,2TRX,A,3,3.0,10000,0.781037899085793,0.537713295112541,0.595502220104686,0.531944899240766,0.723392822874688,0.570571322174567,0.711228518783138,0.611512558637182,204.153565168381,,,,37151,10161,108,169254.664972067
204,THIO_ECOLI/4-107,2TRX,A,3,3.0,20000,0.819633996997875,0.562494158207812,0.616120408419855,0.546171983750306,0.783323738246018,0.581502994249372,0.776233354395153,0.673051576733382,641.168527841568,,,,74091,20201,108,169254.664972067
205,THIO_ECOLI/4-107,2TRX,A,3,5.0,1000,0.714848718028678,0.501536355755004,0.541911341393207,0.530114469480025,0.594923867945129,0.541189907389291,0.57029767548932,0.548892206066075,47.7666149139404,,,,9461,2030,108,169254.664972067
206,THIO_ECOLI/4-107,2TRX,A,3,5.0,5000,0.776711704156704,0.540356665228968,0.577425075602671,0.545061303726748,0.703229243179216,0.569852153921053,0.663126869590217,0.613674275355946,116.986744165421,,,,46741,10081,108,169254.664972067
207,THIO_ECOLI/4-107,2TRX,A,3,5.0,10000,0.823296892607036,0.576060646165745,0.645849297573435,0.553447566020479,0.757288626843746,0.58325339767143,0.734316559600286,0.664601025916879,324.106844186783,,,,92981,20117,108,169254.664972067
208,THIO_ECOLI/4-107,2TRX,A,3,5.0,20000,0.864994568025264,0.63729775587904,0.665826269363879,0.573835405728575,0.782857218483447,0.596020818313682,0.862583683515052,0.762935308464946,1062.79087090492,,,,185261,40077,108,169254.664972067
209,THIO_ECOLI/4-107,2TRX,A,3,7.0,1000,0.739752362635093,0.50907089106341,0.555701136190684,0.527104215897112,0.637427457831245,0.550535502740683,0.623980632303777,0.557071358299357,58.9164860248566,,,,14911,2988,108,169254.664972067
210,THIO_ECOLI/4-107,2TRX,A,3,7.0,5000,0.802341016761161,0.580682208063034,0.609893527617308,0.557722421786471,0.725158980670862,0.582586917007226,0.707805185862323,0.651309518170436,158.396553039551,,,,74351,14905,108,169254.664972067
211,THIO_ECOLI/4-107,2TRX,A,3,7.0,10000,0.834665691243016,0.63052640361753,0.651755900978699,0.563598428015829,0.77777314566666,0.603326534051705,0.823595024832567,0.734610719675743,457.428279876709,,,,148791,29796,108,169254.664972067
212,THIO_ECOLI/4-107,2TRX,A,3,7.0,20000,0.866072534772645,0.706785534097907,0.699011375141445,0.59765121150805,0.80748350637577,0.619657962203022,0.908445131023305,0.846013068860986,1525.68266201019,,,,298631,59621,108,169254.664972067
213,THIO_ECOLI/4-107,2TRX,A,3,10.0,1000,0.747223118889028,0.521517186991055,0.562606290406898,0.53381944938554,0.656917396224168,0.554135841597942,0.62975564527487,0.577579802588559,65.3856980800629,,,,23321,4441,108,169254.664972067
214,THIO_ECOLI/4-107,2TRX,A,3,10.0,5000,0.801773798918325,0.603657578755196,0.608863213758693,0.564494668150827,0.745662689668407,0.58893934003767,0.752977949790845,0.690873192178486,221.836423158646,,,,115731,21866,108,169254.664972067
215,THIO_ECOLI/4-107,2TRX,A,3,10.0,10000,0.847586964272018,0.69118518601812,0.675161296726421,0.599734686188884,0.797131399757807,0.626246556131895,0.871170129189944,0.782400113418591,668.676671981812,,,,231971,43801,108,169254.664972067
216,THIO_ECOLI/4-107,2TRX,A,3,10.0,20000,0.854300868188856,0.729572666717681,0.697449030234451,0.616610634089865,0.817525261548846,0.634535040886036,0.907666352793471,0.845131496752306,2381.17507195473,,,,465161,87761,108,169254.664972067
217,THIO_ECOLI/4-107,2TRX,A,3,15.0,1000,0.753959778945177,0.54829266796555,0.552923854710526,0.539149857728159,0.654539138030294,0.559659661736746,0.629547962229526,0.590848936020545,68.1033539772034,,,,36641,6731,108,169254.664972067
218,THIO_ECOLI/4-107,2TRX,A,3,15.0,5000,0.814466667734239,0.638369611806369,0.639388164294364,0.57707600714669,0.772368133722431,0.600244507816382,0.817378908695316,0.742271278827594,367.440496921539,,,,183441,33695,108,169254.664972067
219,THIO_ECOLI/4-107,2TRX,A,3,15.0,10000,0.824528252589775,0.68079274912285,0.682384081419279,0.614461442418116,0.79845022796604,0.620752017650857,0.883211879034932,0.808664440941478,1176.02880191803,,,,366241,67084,108,169254.664972067
220,THIO_ECOLI/4-107,2TRX,A,3,15.0,20000,0.856446687843923,0.74580864553604,0.726313699799496,0.638008835712202,0.829399347534062,0.658513314561891,0.929894223135478,0.872217907390138,4342.31035494804,,,,735281,134528,108,169254.664972067
221,THIO_ECOLI/4-107,2TRX,A,3,20.0,1000,0.758343285632532,0.563563603086414,0.599410398427729,0.552979706549558,0.666229263031121,0.572044061491117,0.652086991081645,0.605195991824581,72.8441219329834,,,,48641,8884,108,169254.664972067
222,THIO_ECOLI/4-107,2TRX,A,3,20.0,5000,0.805528561904706,0.632727010916194,0.627204388594419,0.582818695332765,0.763490361900224,0.614406796886697,0.820823652006565,0.750149860332353,532.443641901016,,,,242481,44320,108,169254.664972067
223,THIO_ECOLI/4-107,2TRX,A,3,20.0,10000,0.829033125353458,0.68111197068937,0.685760890424103,0.626710595421859,0.806532600136316,0.630419677230108,0.887609809069986,0.832603254872708,1817.60299992561,,,,486471,88961,108,169254.664972067
224,THIO_ECOLI/4-107,2TRX,A,3,20.0,20000,0.837160438367525,0.724709948515174,0.723508625652631,0.659404067820843,0.826701473673066,0.655796742603491,0.918065085983452,0.875634577472047,6712.43273997307,,,,975051,177784,108,169254.664972067
225,THIO_ECOLI/4-107,2TRX,A,5,1.0,1000,0.5,0.5,0.496705245534976,0.503062960185471,0.487250445013532,0.5,0.5,0.5,18.5217051506042,,,,1,1,108,169254.664972067
226,THIO_ECOLI/4-107,2TRX,A,5,1.0,5000,0.5,0.5,0.496705245534976,0.503062960185471,0.487250445013532,0.5,0.5,0.5,19.0555200576782,,,,1,1,108,169254.664972067
227,THIO_ECOLI/4-107,2TRX,A,5,1.0,10000,0.5,0.5,0.496705245534976,0.503062960185471,0.487250445013532,0.5,0.5,0.5,19.1751499176025,,,,1,1,108,169254.664972067
228,THIO_ECOLI/4-107,2TRX,A,5,1.0,20000,0.5,0.5,0.496705245534976,0.503062960185471,0.487250445013532,0.5,0.5,0.5,20.2134230136871,,,,1,1,108,169254.664972067
229,THIO_ECOLI/4-107,2TRX,A,5,2.0,1000,0.629112856123045,0.4893620141537,0.518327940232532,0.506929825080017,0.527747007325353,0.496640160845868,0.547822367146639,0.491615724902552,60.5751428604126,,,,111,108,108,169254.664972067
230,THIO_ECOLI/4-107,2TRX,A,5,2.0,5000,0.682075663320391,0.490971437990542,0.546320449447124,0.49933220866485,0.576497991648965,0.528560212664462,0.571665983554064,0.52435968850019,42.9359710216522,,,,641,562,108,169254.664972067
231,THIO_ECOLI/4-107,2TRX,A,5,2.0,10000,0.699844836842695,0.498190093441106,0.5970625798212,0.516607620119397,0.617656284120461,0.54100399024745,0.605136309156416,0.539513540705792,39.0004799365997,,,,1251,1073,108,169254.664972067
232,THIO_ECOLI/4-107,2TRX,A,5,2.0,20000,0.713703325683337,0.502309036328456,0.609763166775852,0.527711017856143,0.647915880862102,0.553679978205574,0.629346973662182,0.551642941818122,44.5640108585358,,,,2311,1889,108,169254.664972067
233,THIO_ECOLI/4-107,2TRX,A,5,3.0,1000,0.683455359618641,0.491958906137526,0.585856841297256,0.515171725221643,0.591931524163077,0.533138320182509,0.565944671693526,0.52424942561647,37.0550940036774,,,,1781,825,108,169254.664972067
234,THIO_ECOLI/4-107,2TRX,A,5,3.0,5000,0.748280857957021,0.514708630504533,0.619554126218411,0.529867258255958,0.689602234001019,0.556281939697265,0.693877392493164,0.587353929579008,67.0561928749085,,,,8231,3708,108,169254.664972067
235,THIO_ECOLI/4-107,2TRX,A,5,3.0,10000,0.776125944274429,0.531991038378584,0.627779432103177,0.543494602824236,0.734214757906021,0.566905225358723,0.730078760403522,0.620467637189952,142.463332891464,,,,16241,6969,108,169254.664972067
236,THIO_ECOLI/4-107,2TRX,A,5,3.0,20000,0.812369731637692,0.551348436659942,0.645041325048472,0.552413730024156,0.7666792395397,0.578110762921148,0.776214959162802,0.667308244314158,390.095741033554,,,,32481,13010,108,169254.664972067
237,THIO_ECOLI/4-107,2TRX,A,5,5.0,1000,0.704146589992524,0.493969985571331,0.545637543922339,0.510907646657747,0.597727618631674,0.533413528440057,0.594954401268834,0.538626238030939,38.1749849319458,,,,6391,1341,108,169254.664972067
238,THIO_ECOLI/4-107,2TRX,A,5,5.0,5000,0.776538926061932,0.534002521863759,0.592614429687862,0.535462227641829,0.723507302192312,0.560766220712741,0.67360026675147,0.59913433412288,121.649423122406,,,,31141,6407,108,169254.664972067
239,THIO_ECOLI/4-107,2TRX,A,5,5.0,10000,0.815327186928199,0.559160717670671,0.643165320045792,0.548080186099717,0.765140716918455,0.580416941027383,0.714470120398905,0.633318330659752,353.226505994797,,,,62961,12790,108,169254.664972067
240,THIO_ECOLI/4-107,2TRX,A,5,5.0,20000,0.853386408516527,0.596664743159755,0.700850323255183,0.567390704546579,0.808173690932312,0.589117746557304,0.805318319618883,0.706543636024933,1148.04514694214,,,,125411,24985,108,169254.664972067
241,THIO_ECOLI/4-107,2TRX,A,5,7.0,1000,0.713919930416783,0.50279925195031,0.570646973577115,0.529511469749588,0.650703088294655,0.555258829769545,0.630130605291644,0.553670344270423,47.2007820606232,,,,11021,2071,108,169254.664972067
242,THIO_ECOLI/4-107,2TRX,A,5,7.0,5000,0.801345646371281,0.554747376887734,0.621220362760473,0.550172419216918,0.74671748754293,0.580047765254091,0.710821437719195,0.629773412169292,169.258036136627,,,,55091,10219,108,169254.664972067
243,THIO_ECOLI/4-107,2TRX,A,5,7.0,10000,0.830211387677804,0.583559992193734,0.642254117615919,0.553581287306346,0.780283088162309,0.592147050010717,0.804224162316954,0.698369474733156,502.547766923904,,,,110331,20211,108,169254.664972067
244,THIO_ECOLI/4-107,2TRX,A,5,7.0,20000,0.872753568710477,0.653824786735161,0.713292173717402,0.591793502708348,0.820673773648582,0.607358527215554,0.871428324523245,0.798765997329394,1718.95435595512,,,,220901,40013,108,169254.664972067
245,THIO_ECOLI/4-107,2TRX,A,5,10.0,1000,0.738131619824137,0.517439853050814,0.576024854584797,0.535705733583528,0.681552948338726,0.56242910373539,0.652110710753144,0.586058993589278,60.4948799610138,,,,18091,3112,108,169254.664972067
246,THIO_ECOLI/4-107,2TRX,A,5,10.0,5000,0.820343651416401,0.581117310099032,0.636919249068615,0.553556555588521,0.775085859488218,0.590956871609622,0.761038266850423,0.691943111563841,223.237684011459,,,,90381,15392,108,169254.664972067
247,THIO_ECOLI/4-107,2TRX,A,5,10.0,10000,0.850121323935329,0.639586676369191,0.66708818877838,0.569137727267331,0.804172208656754,0.609098830839382,0.821004520393225,0.763416678776283,683.154877185822,,,,181251,30742,108,169254.664972067
248,THIO_ECOLI/4-107,2TRX,A,5,10.0,20000,0.887191917693573,0.722280000856341,0.740102171136654,0.620445449149849,0.826720002117536,0.643712723054465,0.963591670046175,0.911240059944754,2343.99539709091,,,,362521,60996,108,169254.664972067
249,THIO_ECOLI/4-107,2TRX,A,5,15.0,1000,0.759571274335373,0.532730983928992,0.576643572284094,0.528199940570283,0.698204726076801,0.558816850511167,0.656857721449303,0.607769237214428,68.4682471752167,,,,30001,4891,108,169254.664972067
250,THIO_ECOLI/4-107,2TRX,A,5,15.0,5000,0.823692175175075,0.615511501440219,0.639097664754266,0.568372791082876,0.783492479436735,0.609563917257628,0.819824073217607,0.725781830392756,329.002933979034,,,,149981,24256,108,169254.664972067
251,THIO_ECOLI/4-107,2TRX,A,5,15.0,10000,0.84931558803971,0.679771392732344,0.681282300703419,0.590382829291799,0.811915113255117,0.636801220323601,0.927995650922222,0.876580122414547,1030.66098117828,,,,299071,48301,108,169254.664972067
252,THIO_ECOLI/4-107,2TRX,A,5,15.0,20000,0.880777214867682,0.743866988466768,0.756499182763253,0.656340417768886,0.835365506653697,0.665834856466343,0.961529856731589,0.929361571430933,3625.79991388321,,,,600301,96193,108,169254.664972067
253,THIO_ECOLI/4-107,2TRX,A,5,20.0,1000,0.76439557586939,0.539855160097246,0.563674984614774,0.533495222814826,0.691955346448825,0.566600050121262,0.651755571396042,0.611155286824711,72.1759839057922,,,,41751,6629,108,169254.664972067
254,THIO_ECOLI/4-107,2TRX,A,5,20.0,5000,0.832213927937207,0.639684553570615,0.649647628689973,0.578065896916788,0.793972299975516,0.615879461199608,0.881430229116407,0.795204996671301,448.273066997528,,,,209951,33136,108,169254.664972067
255,THIO_ECOLI/4-107,2TRX,A,5,20.0,10000,0.850197177733033,0.694187162771287,0.685717216233564,0.615854245403405,0.815878215181413,0.637970787313844,0.937632555673383,0.884505656062617,1475.04084086418,,,,419211,66069,108,169254.664972067
256,THIO_ECOLI/4-107,2TRX,A,5,20.0,20000,0.878279096463274,0.762828372762931,0.762651949787916,0.682883286824089,0.843897193602393,0.680177576950795,0.978130237306271,0.940910221915452,5308.21500205994,,,,839031,131505,108,169254.664972067
257,THIO_ECOLI/4-107,2TRX,A,7,1.0,1000,0.5,0.5,0.496705245534976,0.503062960185471,0.487250445013532,0.5,0.5,0.5,18.2729940414429,,,,1,1,108,169254.664972067
258,THIO_ECOLI/4-107,2TRX,A,7,1.0,5000,0.5,0.5,0.496705245534976,0.503062960185471,0.487250445013532,0.5,0.5,0.5,18.8644850254059,,,,1,1,108,169254.664972067
259,THIO_ECOLI/4-107,2TRX,A,7,1.0,10000,0.5,0.5,0.496705245534976,0.503062960185471,0.487250445013532,0.5,0.5,0.5,19.2521929740906,,,,1,1,108,169254.664972067
260,THIO_ECOLI/4-107,2TRX,A,7,1.0,20000,0.5,0.5,0.496705245534976,0.503062960185471,0.487250445013532,0.5,0.5,0.5,19.6706809997559,,,,1,1,108,169254.664972067
261,THIO_ECOLI/4-107,2TRX,A,7,2.0,1000,0.5,0.5,0.496705245534976,0.503062960185471,0.487250445013532,0.5,0.5,0.5,18.6597120761871,,,,1,1,108,169254.664972067
262,THIO_ECOLI/4-107,2TRX,A,7,2.0,5000,0.59793357398653,0.489267885050105,0.488839920857073,0.499279835060594,0.485836989392466,0.499820555947061,0.5,0.5,19.164430141449,,,,41,40,108,169254.664972067
263,THIO_ECOLI/4-107,2TRX,A,7,2.0,10000,0.611695138530105,0.489649506419211,0.486694591679405,0.495219634164514,0.475045493948478,0.488425041648796,0.5,0.5,20.1315279006958,,,,81,74,108,169254.664972067
264,THIO_ECOLI/4-107,2TRX,A,7,2.0,20000,0.668025011525563,0.493423900542136,0.54771537662372,0.507876440961566,0.547673025893501,0.505899831945612,0.549724831024095,0.502491114812155,43.3047008514404,,,,191,172,108,169254.664972067
265,THIO_ECOLI/4-107,2TRX,A,7,3.0,1000,0.675612919755953,0.490065256082861,0.585764199074901,0.513380905446472,0.578347527445258,0.518098834544958,0.559727648605379,0.502631945220362,40.8981800079346,,,,521,345,108,169254.664972067
266,THIO_ECOLI/4-107,2TRX,A,7,3.0,5000,0.718687763012508,0.502891380547901,0.632902546999385,0.532830040710116,0.642183974218993,0.553070836555202,0.646146201312838,0.56304482091029,38.2687120437622,,,,2421,1294,108,169254.664972067
267,THIO_ECOLI/4-107,2TRX,A,7,3.0,10000,0.73531660110932,0.511839083834742,0.613010938399539,0.533689164283707,0.670961295402961,0.567038803157599,0.646414285069303,0.581496355775112,49.5273098945618,,,,5011,2331,108,169254.664972067
268,THIO_ECOLI/4-107,2TRX,A,7,3.0,20000,0.764343321030971,0.524708419902558,0.665447759712544,0.536506386704512,0.717216895294437,0.565846819439894,0.716235218224846,0.609264722725027,86.8606970310211,,,,10091,4085,108,169254.664972067
269,THIO_ECOLI/4-107,2TRX,A,7,5.0,1000,0.701872661701333,0.494960859563924,0.605704775706562,0.511293888296141,0.612967925939161,0.53312335755995,0.597125116831757,0.541670871619732,38.9786939620972,,,,3881,949,108,169254.664972067
270,THIO_ECOLI/4-107,2TRX,A,7,5.0,5000,0.759862890046549,0.52335391970542,0.617836936454053,0.536753779586456,0.710458645173671,0.564098399190203,0.668850242004366,0.590151676981716,104.550827026367,,,,20301,4518,108,169254.664972067
271,THIO_ECOLI/4-107,2TRX,A,7,5.0,10000,0.797142503158468,0.548694211183303,0.665995672284756,0.551826828965103,0.763508228614535,0.577438171315314,0.699053284547244,0.614259570560797,266.066476106644,,,,40621,8677,108,169254.664972067
272,THIO_ECOLI/4-107,2TRX,A,7,5.0,20000,0.83223331279662,0.573916824430087,0.698194800124405,0.559103476133328,0.790189188652651,0.584832824925047,0.726358806951908,0.650409316783806,783.150817871094,,,,80801,16301,108,169254.664972067
273,THIO_ECOLI/4-107,2TRX,A,7,7.0,1000,0.723743840039511,0.504447428555078,0.587270958648482,0.529287756296002,0.618482123359736,0.543915875438597,0.622894608155802,0.558370011787315,44.3693568706513,,,,8321,1501,108,169254.664972067
274,THIO_ECOLI/4-107,2TRX,A,7,7.0,5000,0.786955338126732,0.544379290039541,0.623876547621411,0.543558376755721,0.733989769651731,0.568240050964867,0.683467584447623,0.613702360028532,171.3608481884,,,,41071,7055,108,169254.664972067
275,THIO_ECOLI/4-107,2TRX,A,7,7.0,10000,0.825538793739196,0.57049316958423,0.672454820373348,0.565372413604347,0.767972260271706,0.582058634962077,0.718874158189862,0.640401844661997,493.038336992264,,,,83051,13879,108,169254.664972067
276,THIO_ECOLI/4-107,2TRX,A,7,7.0,20000,0.862536062159659,0.619132180353278,0.722240088936533,0.578623456774239,0.805418246547423,0.608466148356578,0.799118547750592,0.713201053058457,1591.20452690125,,,,165881,26675,108,169254.664972067
277,THIO_ECOLI/4-107,2TRX,A,7,10.0,1000,0.729099960977435,0.507723321229857,0.582517089181374,0.527390544514459,0.657038492843388,0.547071054868889,0.626090392632977,0.553016473671743,50.2672140598297,,,,14711,2314,108,169254.664972067
278,THIO_ECOLI/4-107,2TRX,A,7,10.0,5000,0.811308621289801,0.565671687681128,0.642697476822901,0.555703887955943,0.756393305937705,0.579078177894825,0.748332451691197,0.652462887523586,247.030071020126,,,,73051,11242,108,169254.664972067
279,THIO_ECOLI/4-107,2TRX,A,7,10.0,10000,0.845669548830039,0.610822029908609,0.699680384332877,0.57246678002093,0.79308756675203,0.602591412528194,0.79525671176812,0.710286953492023,758.000763893127,,,,146101,22071,108,169254.664972067
280,THIO_ECOLI/4-107,2TRX,A,7,10.0,20000,0.876026238671446,0.669477406265395,0.73756178905366,0.610017235539208,0.814305282591865,0.616283081074019,0.876303342933779,0.79960221069858,2559.33289813995,,,,293271,43357,108,169254.664972067
281,THIO_ECOLI/4-107,2TRX,A,7,15.0,1000,0.758661871582892,0.522973943161755,0.613965153289791,0.558091894111261,0.708063181995646,0.576798893370627,0.666343947217441,0.609391214077253,61.9182372093201,,,,25511,3714,108,169254.664972067
282,THIO_ECOLI/4-107,2TRX,A,7,15.0,5000,0.828258573796896,0.586047386885043,0.669063453305011,0.561576267475897,0.783489832516097,0.591442053413854,0.78644824535985,0.695888117697741,348.05112695694,,,,126701,18151,108,169254.664972067
283,THIO_ECOLI/4-107,2TRX,A,7,15.0,10000,0.855703320626417,0.653633358244261,0.702978447448699,0.59423439653316,0.808754690012507,0.621207684209605,0.861419514772219,0.772663256534596,1120.05804300308,,,,253051,35925,108,169254.664972067
284,THIO_ECOLI/4-107,2TRX,A,7,15.0,20000,0.889759990155863,0.728432749838417,0.761938604675785,0.644511241154572,0.833044157253555,0.643656198553931,0.974432446716979,0.938494100214314,3850.71530294418,,,,505951,70927,108,169254.664972067
285,THIO_ECOLI/4-107,2TRX,A,7,20.0,1000,0.763759246788645,0.532965219466484,0.596569590852242,0.540246785823799,0.700131684301775,0.557532367865481,0.686146701522374,0.617121607052481,74.297966003418,,,,35901,5102,108,169254.664972067
286,THIO_ECOLI/4-107,2TRX,A,7,20.0,5000,0.83758690527462,0.619422345365434,0.688563317650329,0.575139682810712,0.796783991423977,0.603070649141754,0.821201844484114,0.729790293928451,476.150624990463,,,,180001,24993,108,169254.664972067
287,THIO_ECOLI/4-107,2TRX,A,7,20.0,10000,0.863948628436914,0.676400145088856,0.707356454185112,0.609662971052572,0.814160363686896,0.628559108232917,0.948779481176321,0.909059631000794,1463.38163900375,,,,360251,49817,108,169254.664972067
288,THIO_ECOLI/4-107,2TRX,A,7,20.0,20000,0.890803401284289,0.752879052663795,0.774635882979639,0.666822330916563,0.834289533414064,0.656465778669798,0.987074118350269,0.951541810068679,5157.14221215248,,,,720521,98674,108,169254.664972067
289,THIO_ECOLI/4-107,2TRX,A,10,1.0,1000,0.5,0.5,0.496705245534976,0.503062960185471,0.487250445013532,0.5,0.5,0.5,18.5017521381378,,,,1,1,108,169254.664972067
290,THIO_ECOLI/4-107,2TRX,A,10,1.0,5000,0.5,0.5,0.496705245534976,0.503062960185471,0.487250445013532,0.5,0.5,0.5,18.6413779258728,,,,1,1,108,169254.664972067
291,THIO_ECOLI/4-107,2TRX,A,10,1.0,10000,0.5,0.5,0.496705245534976,0.503062960185471,0.487250445013532,0.5,0.5,0.5,19.0997200012207,,,,1,1,108,169254.664972067
292,THIO_ECOLI/4-107,2TRX,A,10,1.0,20000,0.5,0.5,0.496705245534976,0.503062960185471,0.487250445013532,0.5,0.5,0.5,19.6706960201263,,,,1,1,108,169254.664972067
293,THIO_ECOLI/4-107,2TRX,A,10,2.0,1000,0.5,0.5,0.496705245534976,0.503062960185471,0.487250445013532,0.5,0.5,0.5,18.562301158905,,,,1,1,108,169254.664972067
294,THIO_ECOLI/4-107,2TRX,A,10,2.0,5000,0.5,0.5,0.496705245534976,0.503062960185471,0.487250445013532,0.5,0.5,0.5,19.2690241336823,,,,1,1,108,169254.664972067
295,THIO_ECOLI/4-107,2TRX,A,10,2.0,10000,0.5,0.5,0.496705245534976,0.503062960185471,0.487250445013532,0.5,0.5,0.5,19.8623900413513,,,,1,1,108,169254.664972067
296,THIO_ECOLI/4-107,2TRX,A,10,2.0,20000,0.5,0.5,0.496705245534976,0.503062960185471,0.487250445013532,0.5,0.5,0.5,21.2559239864349,,,,1,1,108,169254.664972067
297,THIO_ECOLI/4-107,2TRX,A,10,3.0,1000,0.602988808193559,0.494961241900646,0.552694896075278,0.513364680009125,0.548629225974232,0.517483477324447,0.5,0.5,19.0036020278931,,,,41,34,108,169254.664972067
298,THIO_ECOLI/4-107,2TRX,A,10,3.0,5000,0.662182583462355,0.494073335314278,0.522196414745995,0.49632042996472,0.543284431474533,0.497179790286691,0.55208431042569,0.49868481316884,43.3410279750824,,,,231,142,108,169254.664972067
299,THIO_ECOLI/4-107,2TRX,A,10,3.0,10000,0.68130701150365,0.50025676201396,0.601296991112964,0.514538858623645,0.593070361767878,0.521226944740801,0.582825913654942,0.506867028681601,112.878756999969,,,,411,231,108,169254.664972067
300,THIO_ECOLI/4-107,2TRX,A,10,3.0,20000,0.701566718050591,0.502422543591705,0.595381785215625,0.511199163313583,0.600771577366182,0.53411032840868,0.592280746600016,0.523405891109388,42.3782889842987,,,,911,426,108,169254.664972067
301,THIO_ECOLI/4-107,2TRX,A,10,5.0,1000,0.696441529785679,0.495357184992624,0.596284385153422,0.519296923424869,0.613060568161515,0.529143310411458,0.592331091988977,0.518182993199702,39.5203330516815,,,,1721,527,108,169254.664972067
302,THIO_ECOLI/4-107,2TRX,A,10,5.0,5000,0.736633928729457,0.513597992329582,0.630838610631357,0.534405445457787,0.667662570556978,0.560450056686944,0.664533573807397,0.571365390531233,49.9337549209595,,,,7951,1757,108,169254.664972067
303,THIO_ECOLI/4-107,2TRX,A,10,5.0,10000,0.765035276230033,0.523591125772151,0.631265426584347,0.535379925068747,0.708072446217881,0.574848030210162,0.706293466716914,0.60013997904744,79.0682399272919,,,,15711,2974,108,169254.664972067
304,THIO_ECOLI/4-107,2TRX,A,10,5.0,20000,0.789520039309124,0.542323484553822,0.681551624878407,0.552961951657092,0.752358075424004,0.58039322502433,0.733260016832208,0.623652382549539,154.170222043991,,,,31441,5006,108,169254.664972067
305,THIO_ECOLI/4-107,2TRX,A,10,7.0,1000,0.704060622355126,0.500656078859673,0.571415242292498,0.515224941009994,0.602472885606707,0.531928281419486,0.599771773370089,0.529140726394363,39.0866761207581,,,,4971,880,108,169254.664972067
306,THIO_ECOLI/4-107,2TRX,A,10,7.0,5000,0.765937093602744,0.527633443914962,0.640357598978289,0.538782449168826,0.713468193939875,0.560882014119519,0.669478692634966,0.588472701305443,104.371253967285,,,,24871,3852,108,169254.664972067
307,THIO_ECOLI/4-107,2TRX,A,10,7.0,10000,0.795326226113428,0.54927923613393,0.666217351888247,0.546288841003956,0.739287581310093,0.585760890521237,0.652415348742904,0.602711938985793,240.546637058258,,,,48761,6922,108,169254.664972067
308,THIO_ECOLI/4-107,2TRX,A,10,7.0,20000,0.825950932706725,0.574758624602082,0.714369470417353,0.565389169658288,0.792861255037421,0.596016938720904,0.705381347359903,0.637860827694944,648.455340147018,,,,98481,12520,108,169254.664972067
309,THIO_ECOLI/4-107,2TRX,A,10,10.0,1000,0.726085193928662,0.507846353384209,0.592894341545404,0.530171834112173,0.645787756668586,0.553740216174026,0.636482604260503,0.561628126125202,45.823539018631,,,,10551,1500,108,169254.664972067
310,THIO_ECOLI/4-107,2TRX,A,10,10.0,5000,0.79197685953478,0.54548437069238,0.633856761889637,0.549489236490899,0.732107809077614,0.576416349090458,0.63298425917524,0.596914480745842,207.774279117584,,,,52371,6671,108,169254.664972067
311,THIO_ECOLI/4-107,2TRX,A,10,10.0,10000,0.829693053393488,0.576539867368612,0.681488760513238,0.566768696808268,0.768517525923279,0.59369087965976,0.678853167773133,0.622021281282477,594.767071008682,,,,105191,12814,108,169254.664972067
312,THIO_ECOLI/4-107,2TRX,A,10,10.0,20000,0.860018558895838,0.621717359736901,0.734265049398156,0.592101371950469,0.796441215201265,0.604100443578821,0.727176605240688,0.667593860252811,1852.30752706528,,,,211311,24248,108,169254.664972067
313,THIO_ECOLI/4-107,2TRX,A,10,15.0,1000,0.743629334517776,0.518105519862467,0.586778631409684,0.53831155315877,0.660488753895936,0.566742896038158,0.630533947408188,0.571874788648378,58.5147891044617,,,,19831,2462,108,169254.664972067
314,THIO_ECOLI/4-107,2TRX,A,10,15.0,5000,0.818169175882201,0.572035347428696,0.659228157941755,0.562507895498345,0.752335576598574,0.591147487022648,0.680178380262404,0.631049732265723,373.962206840515,,,,100531,11754,108,169254.664972067
315,THIO_ECOLI/4-107,2TRX,A,10,15.0,10000,0.848825066814553,0.610477314790702,0.707837532011197,0.575953740066955,0.780146771749416,0.598950700362218,0.75067090862419,0.67131122606853,1186.44546699524,,,,200241,22903,108,169254.664972067
316,THIO_ECOLI/4-107,2TRX,A,10,15.0,20000,0.878890983764759,0.668013565080129,0.758453933654934,0.628397811183379,0.808720280044204,0.627563517615426,0.826564405304707,0.749945926485689,3890.60861706734,,,,400701,44369,108,169254.664972067
317,THIO_ECOLI/4-107,2TRX,A,10,20.0,1000,0.752548055487896,0.528364020157522,0.603880385656337,0.545208991497729,0.669460491400817,0.56938152114005,0.612076613093497,0.586586705370938,67.0419719219208,,,,29321,3451,108,169254.664972067
318,THIO_ECOLI/4-107,2TRX,A,10,20.0,5000,0.826447353671703,0.585919506246586,0.662206605390454,0.57338448297315,0.766058536649925,0.592483988431778,0.736267788962166,0.654843478619806,516.79533290863,,,,148481,16841,108,169254.664972067
319,THIO_ECOLI/4-107,2TRX,A,10,20.0,10000,0.861356957015338,0.639917779910129,0.739912254580827,0.604460330157907,0.796405481772643,0.607907642152759,0.805065751134527,0.722969364494748,1679.78823494911,,,,295931,33101,108,169254.664972067
320,THIO_ECOLI/4-107,2TRX,A,10,20.0,20000,0.886500805314486,0.715257418022424,0.765658851633481,0.651531121600486,0.812645663351399,0.630998752741466,0.962254862658948,0.906493982177354,5796.61687803268,,,,592181,64596,108,169254.664972067
321,THIO_ECOLI/4-107,2TRX,A,15,1.0,1000,0.5,0.5,0.496705245534976,0.503062960185471,0.487250445013532,0.5,0.5,0.5,18.5207989215851,,,,1,1,108,169254.664972067
322,THIO_ECOLI/4-107,2TRX,A,15,1.0,5000,0.5,0.5,0.496705245534976,0.503062960185471,0.487250445013532,0.5,0.5,0.5,18.7591869831085,,,,1,1,108,169254.664972067
323,THIO_ECOLI/4-107,2TRX,A,15,1.0,10000,0.5,0.5,0.496705245534976,0.503062960185471,0.487250445013532,0.5,0.5,0.5,18.9886438846588,,,,1,1,108,169254.664972067
324,THIO_ECOLI/4-107,2TRX,A,15,1.0,20000,0.5,0.5,0.496705245534976,0.503062960185471,0.487250445013532,0.5,0.5,0.5,19.3358039855957,,,,1,1,108,169254.664972067
325,THIO_ECOLI/4-107,2TRX,A,15,2.0,1000,0.5,0.5,0.496705245534976,0.503062960185471,0.487250445013532,0.5,0.5,0.5,18.2495958805084,,,,1,1,108,169254.664972067
326,THIO_ECOLI/4-107,2TRX,A,15,2.0,5000,0.5,0.5,0.496705245534976,0.503062960185471,0.487250445013532,0.5,0.5,0.5,18.9631049633026,,,,1,1,108,169254.664972067
327,THIO_ECOLI/4-107,2TRX,A,15,2.0,10000,0.5,0.5,0.496705245534976,0.503062960185471,0.487250445013532,0.5,0.5,0.5,19.7628860473633,,,,1,1,108,169254.664972067
328,THIO_ECOLI/4-107,2TRX,A,15,2.0,20000,0.5,0.5,0.496705245534976,0.503062960185471,0.487250445013532,0.5,0.5,0.5,20.471832036972,,,,1,1,108,169254.664972067
329,THIO_ECOLI/4-107,2TRX,A,15,3.0,1000,0.5,0.5,0.496705245534976,0.503062960185471,0.487250445013532,0.5,0.5,0.5,18.296480178833,,,,1,1,108,169254.664972067
330,THIO_ECOLI/4-107,2TRX,A,15,3.0,5000,0.5,0.5,0.496705245534976,0.503062960185471,0.487250445013532,0.5,0.5,0.5,19.072242975235,,,,1,1,108,169254.664972067
331,THIO_ECOLI/4-107,2TRX,A,15,3.0,10000,0.5,0.5,0.496705245534976,0.503062960185471,0.487250445013532,0.5,0.5,0.5,20.0270178318024,,,,1,1,108,169254.664972067
332,THIO_ECOLI/4-107,2TRX,A,15,3.0,20000,0.5,0.5,0.496705245534976,0.503062960185471,0.487250445013532,0.5,0.5,0.5,21.8799319267273,,,,1,1,108,169254.664972067
333,THIO_ECOLI/4-107,2TRX,A,15,5.0,1000,0.642812894808482,0.495213442760223,0.559158014544829,0.516714804586673,0.566439031491738,0.518188822538947,0.5,0.5,19.7549331188202,,,,171,77,108,169254.664972067
334,THIO_ECOLI/4-107,2TRX,A,15,5.0,5000,0.684973278392709,0.497560960550062,0.556881662795545,0.509474792743216,0.555575407460346,0.517875517553678,0.563127973633012,0.512845938312707,38.3807821273804,,,,681,169,108,169254.664972067
335,THIO_ECOLI/4-107,2TRX,A,15,5.0,10000,0.690934544072321,0.502505561234571,0.592889709434287,0.522003871450864,0.591858072115353,0.523769781214222,0.589623486356435,0.521688292325356,110.222156047821,,,,1371,251,108,169254.664972067
336,THIO_ECOLI/4-107,2TRX,A,15,5.0,20000,0.706745003973896,0.49859848652164,0.617424678564575,0.533567513829915,0.633336641984132,0.547400192976031,0.625872848404834,0.528226943333257,95.3408510684967,,,,2811,366,108,169254.664972067
337,THIO_ECOLI/4-107,2TRX,A,15,7.0,1000,0.677370199402778,0.497543704111264,0.577178250253112,0.513949563416197,0.565927514078309,0.517983276766553,0.561182887497629,0.509508453246749,119.289172887802,,,,1251,229,108,169254.664972067
338,THIO_ECOLI/4-107,2TRX,A,15,7.0,5000,0.713790978960685,0.508348214623825,0.616015193324466,0.533775994141621,0.618990332122367,0.55901771659883,0.61060280535388,0.549167266066123,42.303318977356,,,,5701,656,108,169254.664972067
339,THIO_ECOLI/4-107,2TRX,A,15,7.0,10000,0.734342301218802,0.509385828573725,0.630065709804856,0.53238315148508,0.659879962149035,0.56341092268632,0.65679508704547,0.558560162460301,47.4233708381653,,,,12061,1043,108,169254.664972067
340,THIO_ECOLI/4-107,2TRX,A,15,7.0,20000,0.760923157574465,0.526883467717372,0.655466221983999,0.553581420992873,0.710389163506905,0.58646223514009,0.697093998567497,0.598884862609523,65.1366150379181,,,,23821,1622,108,169254.664972067
341,THIO_ECOLI/4-107,2TRX,A,15,10.0,1000,0.705538085770417,0.498359237938611,0.591695286496073,0.516533393089925,0.611514104778353,0.545322292871195,0.607264308114465,0.525540202320485,42.9684100151062,,,,5061,562,108,169254.664972067
342,THIO_ECOLI/4-107,2TRX,A,15,10.0,5000,0.756878464516858,0.521464536123472,0.648732455879142,0.537632821587295,0.688145765919573,0.566894759708552,0.662620756042099,0.586794711902436,69.4570651054382,,,,24201,1933,108,169254.664972067
343,THIO_ECOLI/4-107,2TRX,A,15,10.0,10000,0.788368747223962,0.537929635440648,0.6760592645531,0.551471296172489,0.738970612563609,0.58206300714273,0.702202512588294,0.611007462668453,121.367817163467,,,,47761,3280,108,169254.664972067
344,THIO_ECOLI/4-107,2TRX,A,15,10.0,20000,0.801093643198906,0.562891535774395,0.683902090405574,0.561044022918637,0.75540468107915,0.59720761503723,0.714051963699256,0.630670113241974,258.729341983795,,,,96451,5358,108,169254.664972067
345,THIO_ECOLI/4-107,2TRX,A,15,15.0,1000,0.72579610667741,0.506269959961745,0.612130175557011,0.536473330464839,0.653651096156009,0.556789568590633,0.628351922696985,0.55147013657806,45.3573009967804,,,,12881,1197,108,169254.664972067
346,THIO_ECOLI/4-107,2TRX,A,15,15.0,5000,0.788139500190899,0.543711111702696,0.674553828439839,0.553389500304182,0.742086038155361,0.583417528960665,0.646004461183074,0.598888873652559,192.724289894104,,,,63401,4779,108,169254.664972067
347,THIO_ECOLI/4-107,2TRX,A,15,15.0,10000,0.814807167003935,0.573347692662779,0.680653657051727,0.565806247985757,0.760750799039168,0.594670585242434,0.657240667480884,0.609938748540686,484.125470161438,,,,127261,8585,108,169254.664972067
348,THIO_ECOLI/4-107,2TRX,A,15,15.0,20000,0.839350084661266,0.605514936911441,0.725473964226867,0.593617620361312,0.791363097955916,0.604180704593373,0.700891409577714,0.630881203331625,1298.42035889626,,,,255241,15196,108,169254.664972067
349,THIO_ECOLI/4-107,2TRX,A,15,20.0,1000,0.73989227075086,0.513034844528123,0.619703015504338,0.543553450789166,0.665557606919051,0.56710087738943,0.63337275359756,0.570643077961552,61.9581170082092,,,,21151,1822,108,169254.664972067
350,THIO_ECOLI/4-107,2TRX,A,15,20.0,5000,0.807409736087781,0.566628297824071,0.668646563304416,0.564188302775979,0.761943898517063,0.597640343772351,0.653185368760451,0.601077405212365,374.808708906174,,,,104861,7847,108,169254.664972067
351,THIO_ECOLI/4-107,2TRX,A,15,20.0,10000,0.832991850773667,0.605503985482819,0.683861063135675,0.580684564199616,0.770567565957954,0.601676224021971,0.693966705728269,0.636945390221626,1102.88552498817,,,,211831,14732,108,169254.664972067
352,THIO_ECOLI/4-107,2TRX,A,15,20.0,20000,0.861408369033783,0.642053247095157,0.738021029784475,0.608733147612227,0.792499950370238,0.614117773556447,0.728888726134537,0.66200192350984,3265.74933314323,,,,423111,27058,108,169254.664972067
353,THIO_ECOLI/4-107,2TRX,A,20,1.0,1000,0.5,0.5,0.496705245534976,0.503062960185471,0.487250445013532,0.5,0.5,0.5,18.3860061168671,,,,1,1,108,169254.664972067
354,THIO_ECOLI/4-107,2TRX,A,20,1.0,5000,0.5,0.5,0.496705245534976,0.503062960185471,0.487250445013532,0.5,0.5,0.5,18.5649969577789,,,,1,1,108,169254.664972067
355,THIO_ECOLI/4-107,2TRX,A,20,1.0,10000,0.5,0.5,0.496705245534976,0.503062960185471,0.487250445013532,0.5,0.5,0.5,19.0316679477692,,,,1,1,108,169254.664972067
356,THIO_ECOLI/4-107,2TRX,A,20,1.0,20000,0.5,0.5,0.496705245534976,0.503062960185471,0.487250445013532,0.5,0.5,0.5,19.2880301475525,,,,1,1,108,169254.664972067
357,THIO_ECOLI/4-107,2TRX,A,20,2.0,1000,0.5,0.5,0.496705245534976,0.503062960185471,0.487250445013532,0.5,0.5,0.5,18.5888860225678,,,,1,1,108,169254.664972067
358,THIO_ECOLI/4-107,2TRX,A,20,2.0,5000,0.5,0.5,0.496705245534976,0.503062960185471,0.487250445013532,0.5,0.5,0.5,18.6652579307556,,,,1,1,108,169254.664972067
359,THIO_ECOLI/4-107,2TRX,A,20,2.0,10000,0.5,0.5,0.496705245534976,0.503062960185471,0.487250445013532,0.5,0.5,0.5,19.3094091415405,,,,1,1,108,169254.664972067
360,THIO_ECOLI/4-107,2TRX,A,20,2.0,20000,0.5,0.5,0.496705245534976,0.503062960185471,0.487250445013532,0.5,0.5,0.5,20.7185249328613,,,,1,1,108,169254.664972067
361,THIO_ECOLI/4-107,2TRX,A,20,3.0,1000,0.5,0.5,0.496705245534976,0.503062960185471,0.487250445013532,0.5,0.5,0.5,18.3095769882202,,,,1,1,108,169254.664972067
362,THIO_ECOLI/4-107,2TRX,A,20,3.0,5000,0.5,0.5,0.496705245534976,0.503062960185471,0.487250445013532,0.5,0.5,0.5,19.4108099937439,,,,1,1,108,169254.664972067
363,THIO_ECOLI/4-107,2TRX,A,20,3.0,10000,0.5,0.5,0.496705245534976,0.503062960185471,0.487250445013532,0.5,0.5,0.5,20.1359770298004,,,,1,1,108,169254.664972067
364,THIO_ECOLI/4-107,2TRX,A,20,3.0,20000,0.5,0.5,0.496705245534976,0.503062960185471,0.487250445013532,0.5,0.5,0.5,22.0951941013336,,,,1,1,108,169254.664972067
365,THIO_ECOLI/4-107,2TRX,A,20,5.0,1000,0.552774436933045,0.488057551386614,0.510925164936242,0.497021046426378,0.504851805530741,0.494387692825808,0.5,0.5,18.8348710536957,,,,11,7,108,169254.664972067
366,THIO_ECOLI/4-107,2TRX,A,20,5.0,5000,0.583972261108999,0.485958992209261,0.542286542393743,0.517217626501041,0.535360212812419,0.505815850314801,0.5,0.5,20.0269351005554,,,,31,17,108,169254.664972067
367,THIO_ECOLI/4-107,2TRX,A,20,5.0,10000,0.616869210353538,0.488358874847897,0.535212646986812,0.503950075394414,0.522728445794374,0.499776976355061,0.5,0.5,21.7549760341644,,,,81,33,108,169254.664972067
368,THIO_ECOLI/4-107,2TRX,A,20,5.0,20000,0.627334505976858,0.495027293660671,0.547481124147195,0.509012817164037,0.541481878519577,0.501859107385192,0.5,0.5,25.0646479129791,,,,141,40,108,169254.664972067
369,THIO_ECOLI/4-107,2TRX,A,20,7.0,1000,0.613883942003872,0.495834568746245,0.520510988029301,0.509519219738567,0.529133332009873,0.501550323982927,0.5,0.5,19.3298559188843,,,,161,36,108,169254.664972067
370,THIO_ECOLI/4-107,2TRX,A,20,7.0,5000,0.667579159759055,0.495580647162476,0.574728525201993,0.526959473633656,0.582135270879241,0.51350400540957,0.5,0.5,21.4787039756775,,,,771,99,108,169254.664972067
371,THIO_ECOLI/4-107,2TRX,A,20,7.0,10000,0.672499542770164,0.495544212584843,0.571102905657131,0.517320022572236,0.583590415500367,0.517845117986991,0.57846202124,0.507624027818869,183.041429042816,,,,1511,132,108,169254.664972067
372,THIO_ECOLI/4-107,2TRX,A,20,7.0,20000,0.692988496350168,0.502537497060884,0.584469854882576,0.509685204306969,0.592927428053388,0.518872221413657,0.581989757780326,0.507727993746384,139.691066026688,,,,3201,202,108,169254.664972067
373,THIO_ECOLI/4-107,2TRX,A,20,10.0,1000,0.675266520746435,0.495299321582057,0.590265287621014,0.51534359573029,0.578735301318828,0.525083698822471,0.584318555708039,0.51185093568427,69.4455680847168,,,,1451,150,108,169254.664972067
374,THIO_ECOLI/4-107,2TRX,A,20,10.0,5000,0.701290273098956,0.502117217296562,0.585535240439653,0.511150936441129,0.600311674905207,0.530334445765232,0.608383036651631,0.52529508271422,92.8270030021668,,,,7101,377,108,169254.664972067
375,THIO_ECOLI/4-107,2TRX,A,20,10.0,10000,0.716037094192717,0.507841971071767,0.608329859249995,0.519999403167861,0.63130182174313,0.547308590034772,0.619889234975949,0.539540614780618,48.900661945343,,,,13791,546,108,169254.664972067
376,THIO_ECOLI/4-107,2TRX,A,20,10.0,20000,0.745367229305188,0.518090080363998,0.66404886215499,0.550846994103276,0.685886619154441,0.570705583298868,0.687560729628301,0.572810759668908,61.7766280174255,,,,27551,841,108,169254.664972067
377,THIO_ECOLI/4-107,2TRX,A,20,15.0,1000,0.713466493270504,0.503969281693897,0.612881901018403,0.526402607919643,0.63013850012242,0.552254509281971,0.628866160140269,0.544219989223699,91.7459740638733,,,,6381,415,108,169254.664972067
378,THIO_ECOLI/4-107,2TRX,A,20,15.0,5000,0.758044084541586,0.519498529198281,0.663079427471066,0.550897637688832,0.712032239493379,0.574588491411176,0.689792311745517,0.580500239915435,64.6223089694977,,,,32511,1321,108,169254.664972067
379,THIO_ECOLI/4-107,2TRX,A,20,15.0,10000,0.770721782597959,0.530361158948569,0.658690833052098,0.557709759990557,0.721745114777096,0.576227302656548,0.698642746856849,0.599972910544298,99.423271894455,,,,64241,2110,108,169254.664972067
380,THIO_ECOLI/4-107,2TRX,A,20,15.0,20000,0.795568115446109,0.557501067547348,0.678779637239527,0.560859450763919,0.755085727142186,0.599724440201665,0.714777150375528,0.621809081606095,189.667220115662,,,,129291,3264,108,169254.664972067
381,THIO_ECOLI/4-107,2TRX,A,20,20.0,1000,0.717951981174773,0.506925230534036,0.630446204646669,0.535351414742849,0.646368094018621,0.540138988937958,0.634401670509242,0.536656490594513,47.6149160861969,,,,13351,757,108,169254.664972067
382,THIO_ECOLI/4-107,2TRX,A,20,20.0,5000,0.778854152531873,0.534915475789851,0.653929022823073,0.554458581565529,0.716849635055817,0.581068822007081,0.673391119221411,0.601413267563982,124.351851940155,,,,67411,2709,108,169254.664972067
383,THIO_ECOLI/4-107,2TRX,A,20,20.0,10000,0.800406744919692,0.558308810962208,0.673915920565912,0.566353962894673,0.746613595907861,0.57935705413084,0.664975172228235,0.605738247868626,265.746783018112,,,,135561,4529,108,169254.664972067
384,THIO_ECOLI/4-107,2TRX,A,20,20.0,20000,0.81651387745229,0.583643598323989,0.685080631819957,0.580877896541644,0.770437866846657,0.599683014794832,0.688099894213574,0.625453967126088,592.647974014282,,,,269581,7369,108,169254.664972067
