,Entropy
0,3.75022806813
1,0.658820589202
2,1.86715966339
3,0.198270724783
4,1.99403620814
5,2.00914799106
6,1.59190232046
7,0.274309657897
8,1.7322945722
9,2.14418212071
10,1.15571421843
11,0.235565368769
12,1.74100138275
13,2.04482645201
14,1.71868745869
15,1.77716088349
16,2.60790590008
17,0.166603459883
18,0.192311712272
19,3.45308765353
20,2.88919069958
21,2.05729251645
22,2.31734914677
23,2.81004057797
24,2.18057709587
25,4.24093934885
26,3.456965359
27,1.47986113198
28,2.55076558472
29,6.36048962213
30,0.221962043525
31,1.87184594753
32,6.35010122878
33,3.02818003441
34,0.901284121117
35,3.18807284749
36,1.95568922502
37,1.57465592028
38,1.91950595397
39,2.0088238283
40,0.931254328428
41,2.20521891163
42,3.22920957531
43,2.84481274752
44,1.04383654029
45,2.12770943682
46,5.07389666707
47,0.720277715979
48,0.123556867851
49,1.20663787832
50,2.05731069111
51,2.25235784507
52,2.03204776599
53,3.40189373794
54,3.66640865208
55,2.02788080146
56,1.90568022444
57,2.35639499394
58,1.74561239506
59,0.505084471302
60,1.69827398059
61,0.461782354313
62,0.476414479669
63,3.05773861838
64,3.10657810205
65,0.668162096491
66,1.29661257362
67,5.07675717006
68,0.154185699559
69,2.49618676506
70,0.375385201499
71,0.657801946359
72,2.70838100889
73,3.41579342169
74,3.48125119929
75,1.88983471003
76,1.91802598679
77,2.0634883985
78,2.14563113305
79,3.85954356816
80,0.658603565915
81,1.15939461365
82,0.485725824428
83,1.83954273584
84,1.20863724207
85,3.15552137803
86,3.07896382217
87,3.31921808562
88,1.4471120918
89,0.507394488899
90,2.64976218185
91,1.75482475935
92,1.11151660149
93,4.24792185736
94,0.718204671592
95,1.54099318173
96,2.01503739087
97,4.11011825416
98,1.26932286175
99,1.92076707743
100,1.96186985598
101,1.01030646601
102,0.448721463439
103,1.85625496786
